Downloaded on,03/10/2025,19:11:46 EDT,,,,,,,,,,,,
Search URL,https://www.congress.gov/search?q=%7B%22source%22%3A%22all%22%2C%22search%22%3A%22legislativeSource%3A%5C%22Legislation%5C%22+AND+congressId%3A118+AND+actionCode%3A%5C%225000%5C%22+AND+chamber%3A%5C%22House%5C%22%22%7D,,,,,,,,,,,,,
,,,,,,,,,,,,,,
Legislation Number,URL,Congress,Title,Sponsor,Date of Introduction,Committees,Latest Action,Latest Action Date,Number of Cosponsors,Amends Bill,Date Offered,Date Submitted,Date Proposed,Amends Amendment
H.R. 4984,https://www.congress.gov/bill/118th-congress/house-bill/4984,118th Congress (2023-2024),D.C. Robert F. Kennedy Memorial Stadium Campus Revitalization Act,"Comer, James [Rep.-R-KY-1]",07/27/2023,"House - Natural Resources, Oversight and Accountability, Transportation and Infrastructure | Senate - Energy and Natural Resources",Became Public Law No: 118-274.,01/06/2025,21,,,,,
H.R. 6062,https://www.congress.gov/bill/118th-congress/house-bill/6062,118th Congress (2023-2024),"To restore the ability of the people of American Samoa to approve amendments to the territorial constitution based on majority rule in a democratic act of self-determination, as authorized pursuant to an Act of Congress delegating administration of Federal territorial law in the territory to the President, and to the Secretary of the Interior under Executive Order 10264, dated June 29, 1951, under which the Constitution of American Samoa was approved and may be amended without requirement for further congressional action, subject to the authority of Congress under the Territorial Clause in article IV, section 3, clause 2 of the United States Constitution.","Radewagen, Aumua Amata Coleman [Del.-R-AS-At Large]",10/25/2023,House - Natural Resources | Senate - Energy and Natural Resources,Became Public Law No: 118-232.,01/04/2025,2,,,,,
H.R. 6395,https://www.congress.gov/bill/118th-congress/house-bill/6395,118th Congress (2023-2024),Recognizing the Importance of Critical Minerals in Healthcare Act of 2023,"Curtis, John R. [Rep.-R-UT-3]",11/14/2023,House - Natural Resources | Senate - Energy and Natural Resources,Became Public Law No: 118-233.,01/04/2025,3,,,,,
H.R. 5443,https://www.congress.gov/bill/118th-congress/house-bill/5443,118th Congress (2023-2024),AACE Act,"Lee, Susie [Rep.-D-NV-3]",09/13/2023,House - Natural Resources | Senate - Energy and Natural Resources,Became Public Law No: 118-230.,01/04/2025,13,,,,,
H.R. 9076,https://www.congress.gov/bill/118th-congress/house-bill/9076,118th Congress (2023-2024),Supporting America’s Children and Families Act,"LaHood, Darin [Rep.-R-IL-16]",07/22/2024,House - Ways and Means | Senate - Finance,Became Public Law No: 118-258.,01/04/2025,23,,,,,
H.R. 9487,https://www.congress.gov/bill/118th-congress/house-bill/9487,118th Congress (2023-2024),House Office of Legislative Counsel Modernization Act,"Steil, Bryan [Rep.-R-WI-1]",09/06/2024,House - House Administration,Became Public Law No: 118-263.,01/04/2025,1,,,,,
H.R. 7938,https://www.congress.gov/bill/118th-congress/house-bill/7938,118th Congress (2023-2024),Klamath Basin Water Agreement Support Act of 2024,"Bentz, Cliff [Rep.-R-OR-2]",04/11/2024,House - Natural Resources,Became Public Law No: 118-246.,01/04/2025,0,,,,,
H.R. 8012,https://www.congress.gov/bill/118th-congress/house-bill/8012,118th Congress (2023-2024),Jackie Robinson Ballpark National Commemorative Site Act,"Waltz, Michael [Rep.-R-FL-6]",04/15/2024,House - Natural Resources,Became Public Law No: 118-247.,01/04/2025,50,,,,,
H.R. 7365,https://www.congress.gov/bill/118th-congress/house-bill/7365,118th Congress (2023-2024),VETS Safe Travel Act,"Gosar, Paul A. [Rep.-R-AZ-9]",02/15/2024,"House - Homeland Security, Veterans' Affairs | Senate - Commerce, Science, and Transportation",Became Public Law No: 118-238.,01/04/2025,47,,,,,
H.R. 5103,https://www.congress.gov/bill/118th-congress/house-bill/5103,118th Congress (2023-2024),FISHES Act,"Donalds, Byron [Rep.-R-FL-19]",08/01/2023,"House - Natural Resources | Senate - Commerce, Science, and Transportation",Became Public Law No: 118-229.,01/04/2025,49,,,,,
H.R. 6492,https://www.congress.gov/bill/118th-congress/house-bill/6492,118th Congress (2023-2024),EXPLORE Act,"Westerman, Bruce [Rep.-R-AR-4]",11/29/2023,"House - Natural Resources, Agriculture, Veterans' Affairs",Became Public Law No: 118-234.,01/04/2025,51,,,,,
H.R. 670,https://www.congress.gov/bill/118th-congress/house-bill/670,118th Congress (2023-2024),Think Differently Database Act,"Molinaro, Marcus J. [Rep.-R-NY-19]",01/31/2023,House - Energy and Commerce,Became Public Law No: 118-225.,01/04/2025,26,,,,,
H.R. 3391,https://www.congress.gov/bill/118th-congress/house-bill/3391,118th Congress (2023-2024),Gabriella Miller Kids First Research Act 2.0,"Wexton, Jennifer [Rep.-D-VA-10]",05/16/2023,"House - Energy and Commerce | Senate - Health, Education, Labor, and Pensions",Became Public Law No: 118-228.,01/04/2025,37,,,,,
H.R. 1318,https://www.congress.gov/bill/118th-congress/house-bill/1318,118th Congress (2023-2024),Women’s Suffrage National Monument Location Act,"Neguse, Joe [Rep.-D-CO-2]",03/01/2023,House - Natural Resources,Became Public Law No: 118-226.,01/04/2025,37,,,,,
H.R. 2997,https://www.congress.gov/bill/118th-congress/house-bill/2997,118th Congress (2023-2024),CONVEY Act,"Boebert, Lauren [Rep.-R-CO-3]",04/28/2023,House - Natural Resources | Senate - Energy and Natural Resources,Became Public Law No: 118-227.,01/04/2025,2,,,,,
H.R. 6852,https://www.congress.gov/bill/118th-congress/house-bill/6852,118th Congress (2023-2024),Holcombe Rucker Park National Commemorative Site Act,"Espaillat, Adriano [Rep.-D-NY-13]",12/19/2023,House - Natural Resources | Senate - Energy and Natural Resources,Became Public Law No: 118-235.,01/04/2025,1,,,,,
H.R. 4563,https://www.congress.gov/bill/118th-congress/house-bill/4563,118th Congress (2023-2024),ACE Act,"Steil, Bryan [Rep.-R-WI-1]",07/11/2023,"House - House Administration, Judiciary, Ways and Means, Science, Space, and Technology, Intelligence (Permanent Select), Homeland Security, Education and the Workforce, Financial Services, Oversight and Accountability, Rules","Placed on the Union Calendar, Calendar No. 825.",01/03/2025,132,,,,,
H.R. 8235,https://www.congress.gov/bill/118th-congress/house-bill/8235,118th Congress (2023-2024),Rural Physician Workforce Preservation Act,"Murphy, Gregory F. [Rep.-R-NC-3]",05/02/2024,"House - Ways and Means, Energy and Commerce","Placed on the Union Calendar, Calendar No. 807.",12/27/2024,0,,,,,
H.R. 8245,https://www.congress.gov/bill/118th-congress/house-bill/8245,118th Congress (2023-2024),Rural Hospital Stabilization Act,"Feenstra, Randy [Rep.-R-IA-4]",05/06/2024,House - Ways and Means,"Placed on the Union Calendar, Calendar No. 803.",12/27/2024,1,,,,,
H.R. 8246,https://www.congress.gov/bill/118th-congress/house-bill/8246,118th Congress (2023-2024),Second Chances for Rural Hospitals Act,"Arrington, Jodey C. [Rep.-R-TX-19]",05/06/2024,House - Ways and Means,"Placed on the Union Calendar, Calendar No. 806.",12/27/2024,2,,,,,
H.R. 8244,https://www.congress.gov/bill/118th-congress/house-bill/8244,118th Congress (2023-2024),Ensuring Seniors’ Access to Quality Care Act,"Estes, Ron [Rep.-R-KS-4]",05/06/2024,"House - Ways and Means, Energy and Commerce","Placed on the Union Calendar, Calendar No. 805.",12/27/2024,6,,,,,
H.R. 7931,https://www.congress.gov/bill/118th-congress/house-bill/7931,118th Congress (2023-2024),PEAKS Act,"Miller, Carol D. [Rep.-R-WV-1]",04/10/2024,"House - Ways and Means, Energy and Commerce","Placed on the Union Calendar, Calendar No. 804.",12/27/2024,3,,,,,
H.R. 8816,https://www.congress.gov/bill/118th-congress/house-bill/8816,118th Congress (2023-2024),American Medical Innovation and Investment Act of 2024,"Buchanan, Vern [Rep.-R-FL-16]",06/25/2024,"House - Ways and Means, Energy and Commerce","Reported (Amended) by the Committee on Ways and Means. H. Rept. 118-958, Part I.",12/27/2024,0,,,,,
H.R. 4818,https://www.congress.gov/bill/118th-congress/house-bill/4818,118th Congress (2023-2024),Treat and Reduce Obesity Act of 2023,"Wenstrup, Brad R. [Rep.-R-OH-2]",07/20/2023,"House - Ways and Means, Energy and Commerce","Reported (Amended) by the Committee on Ways and Means. H. Rept. 118-959, Part I.",12/27/2024,120,,,,,
H.R. 8915,https://www.congress.gov/bill/118th-congress/house-bill/8915,118th Congress (2023-2024),Education and Workforce Freedom Act,"Hern, Kevin [Rep.-R-OK-1]",07/02/2024,House - Ways and Means,"Placed on the Union Calendar, Calendar No. 799.",12/24/2024,6,,,,,
H.R. 7979,https://www.congress.gov/bill/118th-congress/house-bill/7979,118th Congress (2023-2024),End China’s De Minimis Abuse Act,"Murphy, Gregory F. [Rep.-R-NC-3]",04/15/2024,House - Ways and Means,"Placed on the Union Calendar, Calendar No. 797.",12/24/2024,2,,,,,
H.R. 7906,https://www.congress.gov/bill/118th-congress/house-bill/7906,118th Congress (2023-2024),Strengthening State and Tribal Child Support Enforcement Act,"Hern, Kevin [Rep.-R-OK-1]",04/09/2024,House - Ways and Means,"Placed on the Union Calendar, Calendar No. 800.",12/24/2024,41,,,,,
H.R. 9461,https://www.congress.gov/bill/118th-congress/house-bill/9461,118th Congress (2023-2024),USA Workforce Investment Act,"Smucker, Lloyd [Rep.-R-PA-11]",09/06/2024,House - Ways and Means,"Placed on the Union Calendar, Calendar No. 793.",12/24/2024,0,,,,,
H.R. 8913,https://www.congress.gov/bill/118th-congress/house-bill/8913,118th Congress (2023-2024),Protecting American Students Act,"Ferguson, A. Drew [Rep.-R-GA-3]",07/02/2024,House - Ways and Means,"Placed on the Union Calendar, Calendar No. 798.",12/24/2024,9,,,,,
H.R. 1691,https://www.congress.gov/bill/118th-congress/house-bill/1691,118th Congress (2023-2024),Ensuring Patient Access to Critical Breakthrough Products Act of 2024,"Wenstrup, Brad R. [Rep.-R-OH-2]",03/22/2023,"House - Ways and Means, Energy and Commerce","Placed on the Union Calendar, Calendar No. 801.",12/24/2024,89,,,,,
H.R. 562,https://www.congress.gov/bill/118th-congress/house-bill/562,118th Congress (2023-2024),Improving Veterans Access to Congressional Services Act of 2023,"Mast, Brian J. [Rep.-R-FL-21]",01/26/2023,House - Veterans' Affairs,"Placed on the Union Calendar, Calendar No. 794.",12/24/2024,34,,,,,
H.R. 1089,https://www.congress.gov/bill/118th-congress/house-bill/1089,118th Congress (2023-2024),VA Medical Center Facility Transparency Act,"Lesko, Debbie [Rep.-R-AZ-8]",02/17/2023,House - Veterans' Affairs,"Placed on the Union Calendar, Calendar No. 796.",12/24/2024,6,,,,,
H.R. 1256,https://www.congress.gov/bill/118th-congress/house-bill/1256,118th Congress (2023-2024),Veterans Health Administration Leadership Transformation Act,"Mrvan, Frank J. [Rep.-D-IN-1]",02/28/2023,House - Veterans' Affairs,"Placed on the Union Calendar, Calendar No. 795.",12/24/2024,1,,,,,
H.R. 7332,https://www.congress.gov/bill/118th-congress/house-bill/7332,118th Congress (2023-2024),Utah State Parks Adjustment Act,"Maloy, Celeste [Rep.-R-UT-2]",02/13/2024,House - Natural Resources,Became Public Law No: 118-181.,12/23/2024,0,,,,,
H.R. 1607,https://www.congress.gov/bill/118th-congress/house-bill/1607,118th Congress (2023-2024),"To clarify jurisdiction with respect to certain Bureau of Reclamation pumped storage development, and for other purposes.","Schweikert, David [Rep.-R-AZ-1]",03/14/2023,House - Natural Resources | Senate - Energy and Natural Resources,Became Public Law No: 118-162.,12/23/2024,4,,,,,
H.R. 8663,https://www.congress.gov/bill/118th-congress/house-bill/8663,118th Congress (2023-2024),DETECT Fentanyl and Xylazine Act of 2024,"LaLota, Nick [Rep.-R-NY-1]",06/07/2024,House - Homeland Security | Senate - Homeland Security and Governmental Affairs,Became Public Law No: 118-186.,12/23/2024,2,,,,,
H.R. 5770,https://www.congress.gov/bill/118th-congress/house-bill/5770,118th Congress (2023-2024),Water Monitoring and Tracking Essential Resources (WATER) Data Improvement Act,"Neguse, Joe [Rep.-D-CO-2]",09/27/2023,House - Natural Resources | Senate - Energy and Natural Resources,Became Public Law No: 118-174.,12/23/2024,2,,,,,
H.R. 4385,https://www.congress.gov/bill/118th-congress/house-bill/4385,118th Congress (2023-2024),Drought Preparedness Act,"Neguse, Joe [Rep.-D-CO-2]",06/27/2023,House - Natural Resources | Senate - Energy and Natural Resources,Became Public Law No: 118-170.,12/23/2024,2,,,,,
H.R. 5009,https://www.congress.gov/bill/118th-congress/house-bill/5009,118th Congress (2023-2024),"To authorize appropriations for fiscal year 2025 for military activities of the Department of Defense, for military construction, and for defense activities of the Department of Energy, to prescribe military personnel strengths for such fiscal year, and for other purposes.","Joyce, David P. [Rep.-R-OH-14]",07/27/2023,House - Natural Resources,Became Public Law No: 118-159.,12/23/2024,12,,,,,
H.R. 7213,https://www.congress.gov/bill/118th-congress/house-bill/7213,118th Congress (2023-2024),Autism CARES Act of 2024,"Smith, Christopher H. [Rep.-R-NJ-4]",02/01/2024,House - Energy and Commerce,Became Public Law No: 118-180.,12/23/2024,61,,,,,
H.R. 6829,https://www.congress.gov/bill/118th-congress/house-bill/6829,118th Congress (2023-2024),HEARTS Act of 2024,"Pallone, Frank, Jr. [Rep.-D-NJ-6]",12/14/2023,"House - Energy and Commerce | Senate - Health, Education, Labor, and Pensions",Became Public Law No: 118-176.,12/23/2024,4,,,,,
H.R. 4094,https://www.congress.gov/bill/118th-congress/house-bill/4094,118th Congress (2023-2024),Great Salt Lake Stewardship Act,"Curtis, John R. [Rep.-R-UT-3]",06/14/2023,House - Natural Resources,Became Public Law No: 118-169.,12/23/2024,4,,,,,
H.R. 6826,https://www.congress.gov/bill/118th-congress/house-bill/6826,118th Congress (2023-2024),To designate the visitor and education center at Fort McHenry National Monument and Historic Shrine as the Paul S. Sarbanes Visitor and Education Center.,"Mfume, Kweisi [Rep.-D-MD-7]",12/14/2023,House - Natural Resources,Became Public Law No: 118-175.,12/23/2024,7,,,,,
H.R. 8413,https://www.congress.gov/bill/118th-congress/house-bill/8413,118th Congress (2023-2024),Swanson and Hugh Butler Reservoirs Land Conveyances Act,"Smith, Adrian [Rep.-R-NE-3]",05/15/2024,House - Natural Resources,Became Public Law No: 118-185.,12/23/2024,5,,,,,
H.R. 8219,https://www.congress.gov/bill/118th-congress/house-bill/8219,118th Congress (2023-2024),Lahaina National Heritage Area Study Act,"Tokuda, Jill N. [Rep.-D-HI-2]",05/01/2024,House - Natural Resources,Became Public Law No: 118-184.,12/23/2024,7,,,,,
H.R. 6843,https://www.congress.gov/bill/118th-congress/house-bill/6843,118th Congress (2023-2024),"To expand the boundaries of the Atchafalaya National Heritage Area to include Lafourche Parish, Louisiana.","Scalise, Steve [Rep.-R-LA-1]",12/15/2023,House - Natural Resources,Became Public Law No: 118-177.,12/23/2024,4,,,,,
H.R. 7872,https://www.congress.gov/bill/118th-congress/house-bill/7872,118th Congress (2023-2024),Colorado River Salinity Control Fix Act,"Curtis, John R. [Rep.-R-UT-3]",04/05/2024,House - Natural Resources,Became Public Law No: 118-183.,12/23/2024,10,,,,,
H.R. 6960,https://www.congress.gov/bill/118th-congress/house-bill/6960,118th Congress (2023-2024),Emergency Medical Services for Children Reauthorization Act of 2024,"Carter, Earl L. ""Buddy"" [Rep.-R-GA-1]",01/11/2024,"House - Energy and Commerce | Senate - Health, Education, Labor, and Pensions",Became Public Law No: 118-178.,12/23/2024,10,,,,,
H.R. 1727,https://www.congress.gov/bill/118th-congress/house-bill/1727,118th Congress (2023-2024),Chesapeake and Ohio Canal National Historical Park Commission Extension Act,"Trone, David J. [Rep.-D-MD-6]",03/22/2023,House - Natural Resources,Became Public Law No: 118-163.,12/23/2024,6,,,,,
H.R. 3254,https://www.congress.gov/bill/118th-congress/house-bill/3254,118th Congress (2023-2024),First Responder Access to Innovative Technologies Act,"Payne, Donald M., Jr. [Rep.-D-NJ-10]",05/11/2023,House - Homeland Security | Senate - Homeland Security and Governmental Affairs,Became Public Law No: 118-165.,12/23/2024,1,,,,,
H.R. 663,https://www.congress.gov/bill/118th-congress/house-bill/663,118th Congress (2023-2024),Native American Child Protection Act,"Gallego, Ruben [Rep.-D-AZ-3]",01/31/2023,House - Natural Resources,Became Public Law No: 118-160.,12/23/2024,8,,,,,
H.R. 3801,https://www.congress.gov/bill/118th-congress/house-bill/3801,118th Congress (2023-2024),Employer Reporting Improvement Act,"Smith, Adrian [Rep.-R-NE-3]",06/05/2023,House - Ways and Means | Senate - Finance,Became Public Law No: 118-168.,12/23/2024,1,,,,,
H.R. 3797,https://www.congress.gov/bill/118th-congress/house-bill/3797,118th Congress (2023-2024),Paperwork Burden Reduction Act,"Smith, Jason [Rep.-R-MO-8]",06/05/2023,House - Ways and Means | Senate - Finance,Became Public Law No: 118-167.,12/23/2024,1,,,,,
H.R. 3324,https://www.congress.gov/bill/118th-congress/house-bill/3324,118th Congress (2023-2024),To extend the authority to collect Shasta-Trinity Marina fees through fiscal year 2029.,"Huffman, Jared [Rep.-D-CA-2]",05/15/2023,House - Natural Resources | Senate - Energy and Natural Resources,Became Public Law No: 118-166.,12/23/2024,1,,,,,
H.R. 2468,https://www.congress.gov/bill/118th-congress/house-bill/2468,118th Congress (2023-2024),Mountain View Corridor Completion Act,"Owens, Burgess [Rep.-R-UT-4]",04/03/2023,House - Natural Resources,Became Public Law No: 118-164.,12/23/2024,3,,,,,
H.R. 4467,https://www.congress.gov/bill/118th-congress/house-bill/4467,118th Congress (2023-2024),DHS Border Services Contracts Review Act,"Brecheen, Josh [Rep.-R-OK-2]",07/06/2023,House - Homeland Security | Senate - Homeland Security and Governmental Affairs,Became Public Law No: 118-171.,12/23/2024,1,,,,,
H.R. 8662,https://www.congress.gov/bill/118th-congress/house-bill/8662,118th Congress (2023-2024),TSA Commuting Fairness Act,"Kennedy, Timothy M. [Rep.-D-NY-26]",06/07/2024,"House - Homeland Security | Senate - Commerce, Science, and Transportation","Received in the Senate and Read twice and referred to the Committee on Commerce, Science, and Transportation.",12/20/2024,2,,,,,
H.R. 9748,https://www.congress.gov/bill/118th-congress/house-bill/9748,118th Congress (2023-2024),Research Security and Accountability in DHS Act,"D'Esposito, Anthony [Rep.-R-NY-4]",09/23/2024,House - Homeland Security | Senate - Homeland Security and Governmental Affairs,Received in the Senate and Read twice and referred to the Committee on Homeland Security and Governmental Affairs.,12/20/2024,1,,,,,
H.R. 8664,https://www.congress.gov/bill/118th-congress/house-bill/8664,118th Congress (2023-2024),DHS Intelligence and Analysis Oversight and Transparency Act,"Lee, Laurel M. [Rep.-R-FL-15]",06/07/2024,House - Homeland Security | Senate - Homeland Security and Governmental Affairs,Received in the Senate and Read twice and referred to the Committee on Homeland Security and Governmental Affairs.,12/19/2024,2,,,,,
H.R. 8302,https://www.congress.gov/bill/118th-congress/house-bill/8302,118th Congress (2023-2024),HUD Evaluation and Optimization Commission Act of 2024,"Davidson, Warren [Rep.-R-OH-8]",05/08/2024,"House - Financial Services, Rules","Placed on the Union Calendar, Calendar No. 771.",12/19/2024,3,,,,,
H.R. 5527,https://www.congress.gov/bill/118th-congress/house-bill/5527,118th Congress (2023-2024),Modernizing Government Technology Reform Act,"Mace, Nancy [Rep.-R-SC-1]",09/18/2023,House - Oversight and Accountability | Senate - Homeland Security and Governmental Affairs,Placed on Senate Legislative Calendar under General Orders. Calendar No. 752.,12/19/2024,2,,,,,
H.R. 9457,https://www.congress.gov/bill/118th-congress/house-bill/9457,118th Congress (2023-2024),Transparent Telehealth Bills Act of 2024,"Bean, Aaron [Rep.-R-FL-4]",09/06/2024,"House - Education and the Workforce, Energy and Commerce","Placed on the Union Calendar, Calendar No. 785.",12/19/2024,0,,,,,
H.R. 4552,https://www.congress.gov/bill/118th-congress/house-bill/4552,118th Congress (2023-2024),Federal Information Security Modernization Act of 2024,"Mace, Nancy [Rep.-R-SC-1]",07/11/2023,"House - Oversight and Accountability, Science, Space, and Technology, Homeland Security, Armed Services","Placed on the Union Calendar, Calendar No. 790.",12/19/2024,4,,,,,
H.R. 8784,https://www.congress.gov/bill/118th-congress/house-bill/8784,118th Congress (2023-2024),FREE Act,"Maloy, Celeste [Rep.-R-UT-2]",06/18/2024,House - Oversight and Accountability,"Placed on the Union Calendar, Calendar No. 791.",12/19/2024,26,,,,,
H.R. 1753,https://www.congress.gov/bill/118th-congress/house-bill/1753,118th Congress (2023-2024),To ensure that certain members of the Armed Forces who served in female cultural support teams receive proper credit for such service.,"Issa, Darrell E. [Rep.-R-CA-48]",03/23/2023,"House - Veterans' Affairs, Armed Services","Reported (Amended) by the Committee on Veterans' Affairs. H. Rept. 118-938, Part I.",12/19/2024,31,,,,,
H.R. 8616,https://www.congress.gov/bill/118th-congress/house-bill/8616,118th Congress (2023-2024),EQUIP Act of 2024,"Perry, Scott [Rep.-R-PA-10]",06/04/2024,House - Transportation and Infrastructure,"Placed on the Union Calendar, Calendar No. 762.",12/19/2024,0,,,,,
H.R. 7832,https://www.congress.gov/bill/118th-congress/house-bill/7832,118th Congress (2023-2024),Emerging Innovative Border Technologies Act,"Correa, J. Luis [Rep.-D-CA-46]",03/29/2024,House - Homeland Security | Senate - Homeland Security and Governmental Affairs,Placed on Senate Legislative Calendar under General Orders. Calendar No. 754.,12/19/2024,1,,,,,
H.R. 6231,https://www.congress.gov/bill/118th-congress/house-bill/6231,118th Congress (2023-2024),Department of Homeland Security Policy Issuance Review Act,"Ivey, Glenn [Rep.-D-MD-4]",11/06/2023,House - Homeland Security | Senate - Homeland Security and Governmental Affairs,Placed on Senate Legislative Calendar under General Orders. Calendar No. 753.,12/19/2024,3,,,,,
H.R. 7070,https://www.congress.gov/bill/118th-congress/house-bill/7070,118th Congress (2023-2024),Wildfire Response Improvement Act,"Stanton, Greg [Rep.-D-AZ-4]",01/22/2024,House - Transportation and Infrastructure,"Placed on the Union Calendar, Calendar No. 763.",12/19/2024,7,,,,,
H.R. 8261,https://www.congress.gov/bill/118th-congress/house-bill/8261,118th Congress (2023-2024),"Preserving Telehealth, Hospital, and Ambulance Access Act","Schweikert, David [Rep.-R-AZ-1]",05/07/2024,"House - Ways and Means, Energy and Commerce","Placed on the Union Calendar, Calendar No. 786.",12/19/2024,1,,,,,
H.R. 5409,https://www.congress.gov/bill/118th-congress/house-bill/5409,118th Congress (2023-2024),Safeguarding American Farms from Foreign Influence Act,"Luetkemeyer, Blaine [Rep.-R-MO-3]",09/12/2023,"House - Financial Services, Foreign Affairs, Energy and Commerce","Placed on the Union Calendar, Calendar No. 782.",12/19/2024,5,,,,,
H.R. 4406,https://www.congress.gov/bill/118th-congress/house-bill/4406,118th Congress (2023-2024),DHS Basic Training Accreditation Improvement Act of 2023,"Correa, J. Luis [Rep.-D-CA-46]",06/30/2023,"House - Homeland Security, Judiciary","Placed on the Union Calendar, Calendar No. 784.",12/19/2024,0,,,,,
H.R. 5665,https://www.congress.gov/bill/118th-congress/house-bill/5665,118th Congress (2023-2024),Promoting Accessibility on Federal Lands Act of 2024,"Stansbury, Melanie Ann [Rep.-D-NM-1]",09/21/2023,"House - Natural Resources, Agriculture","Placed on the Union Calendar, Calendar No. 776.",12/19/2024,8,,,,,
H.R. 3988,https://www.congress.gov/bill/118th-congress/house-bill/3988,118th Congress (2023-2024),ARTICLE ONE Act,"Roy, Chip [Rep.-R-TX-21]",06/09/2023,"House - Transportation and Infrastructure, Foreign Affairs, Rules","Placed on the Union Calendar, Calendar No. 764.",12/19/2024,17,,,,,
H.R. 5535,https://www.congress.gov/bill/118th-congress/house-bill/5535,118th Congress (2023-2024),Insurance Data Protection Act,"Fitzgerald, Scott [Rep.-R-WI-5]",09/18/2023,"House - Financial Services, Agriculture","Placed on the Union Calendar, Calendar No. 787.",12/19/2024,30,,,,,
H.R. 7687,https://www.congress.gov/bill/118th-congress/house-bill/7687,118th Congress (2023-2024),NASA SPREES Act,"Sorensen, Eric [Rep.-D-IL-17]",03/15/2024,"House - Science, Space, and Technology, Appropriations","Placed on the Union Calendar, Calendar No. 770.",12/19/2024,1,,,,,
H.R. 6070,https://www.congress.gov/bill/118th-congress/house-bill/6070,118th Congress (2023-2024),"To amend the Military Lands Withdrawal Act of 1999 to clarify the authority of Department of Defense to conduct certain military activities at the Nevada test and training range, and for other purposes.","Amodei, Mark E. [Rep.-R-NV-2]",10/26/2023,"House - Natural Resources, Armed Services","Placed on the Union Calendar, Calendar No. 777.",12/19/2024,2,,,,,
H.R. 1720,https://www.congress.gov/bill/118th-congress/house-bill/1720,118th Congress (2023-2024),Ocean Pollution Reduction Act II,"Peters, Scott H. [Rep.-D-CA-50]",03/22/2023,House - Transportation and Infrastructure,"Placed on the Union Calendar, Calendar No. 759.",12/19/2024,4,,,,,
H.R. 1380,https://www.congress.gov/bill/118th-congress/house-bill/1380,118th Congress (2023-2024),Protecting America’s Rock Climbing Act,"Curtis, John R. [Rep.-R-UT-3]",03/07/2023,"House - Natural Resources, Agriculture","Placed on the Union Calendar, Calendar No. 774.",12/19/2024,6,,,,,
H.R. 8811,https://www.congress.gov/bill/118th-congress/house-bill/8811,118th Congress (2023-2024),America’s Conservation Enhancement Reauthorization Act of 2024,"Wittman, Robert J. [Rep.-R-VA-1]",06/21/2024,"House - Natural Resources, Transportation and Infrastructure, Agriculture, Energy and Commerce","Placed on the Union Calendar, Calendar No. 778.",12/19/2024,5,,,,,
H.R. 7513,https://www.congress.gov/bill/118th-congress/house-bill/7513,118th Congress (2023-2024),Protecting American Seniors’ Access to Care Act,"Fischbach, Michelle [Rep.-R-MN-7]",03/01/2024,"House - Ways and Means, Energy and Commerce","Placed on the Union Calendar, Calendar No. 769.",12/19/2024,37,,,,,
H.R. 2948,https://www.congress.gov/bill/118th-congress/house-bill/2948,118th Congress (2023-2024),CARS Act,"Gooden, Lance [Rep.-R-TX-5]",04/27/2023,House - Transportation and Infrastructure,"Placed on the Union Calendar, Calendar No. 789.",12/19/2024,4,,,,,
H.R. 3556,https://www.congress.gov/bill/118th-congress/house-bill/3556,118th Congress (2023-2024),Increasing Financial Regulatory Accountability and Transparency Act,"Barr, Andy [Rep.-R-KY-6]",05/22/2023,"House - Financial Services, Oversight and Accountability, Rules","Placed on the Union Calendar, Calendar No. 781.",12/19/2024,4,,,,,
H.R. 3196,https://www.congress.gov/bill/118th-congress/house-bill/3196,118th Congress (2023-2024),Architect of the Capitol Appointment Act of 2023,"Steil, Bryan [Rep.-R-WI-1]",05/10/2023,"House - House Administration, Transportation and Infrastructure","Placed on the Union Calendar, Calendar No. 766.",12/19/2024,3,,,,,
H.R. 3244,https://www.congress.gov/bill/118th-congress/house-bill/3244,118th Congress (2023-2024),Stop Fentanyl Money Laundering Act of 2023,"Luetkemeyer, Blaine [Rep.-R-MO-3]",05/11/2023,"House - Financial Services, Judiciary","Placed on the Union Calendar, Calendar No. 780.",12/19/2024,8,,,,,
H.R. 4507,https://www.congress.gov/bill/118th-congress/house-bill/4507,118th Congress (2023-2024),Transparency in Coverage Act,"Good, Bob [Rep.-R-VA-5]",07/10/2023,"House - Education and the Workforce, Energy and Commerce, Ways and Means","Placed on the Union Calendar, Calendar No. 767.",12/19/2024,2,,,,,
H.R. 3378,https://www.congress.gov/bill/118th-congress/house-bill/3378,118th Congress (2023-2024),Agricultural Security Risk Review Act,"Lucas, Frank D. [Rep.-R-OK-3]",05/16/2023,"House - Financial Services, Energy and Commerce, Foreign Affairs","Placed on the Union Calendar, Calendar No. 783.",12/19/2024,6,,,,,
H.R. 2666,https://www.congress.gov/bill/118th-congress/house-bill/2666,118th Congress (2023-2024),Medicaid VBPs for Patients Act,"Guthrie, Brett [Rep.-R-KY-2]",04/18/2023,"House - Energy and Commerce, Ways and Means","Placed on the Union Calendar, Calendar No. 768.",12/19/2024,42,,,,,
H.R. 2367,https://www.congress.gov/bill/118th-congress/house-bill/2367,118th Congress (2023-2024),Truck Parking Safety Improvement Act,"Bost, Mike [Rep.-R-IL-12]",03/29/2023,House - Transportation and Infrastructure,"Placed on the Union Calendar, Calendar No. 788.",12/19/2024,53,,,,,
H.R. 3316,https://www.congress.gov/bill/118th-congress/house-bill/3316,118th Congress (2023-2024),"To amend titles 46 and 49, United States Code, to streamline the environmental review process for major projects, and for other purposes.","Crawford, Eric A. ""Rick"" [Rep.-R-AR-1]",05/15/2023,House - Transportation and Infrastructure,"Placed on the Union Calendar, Calendar No. 760.",12/19/2024,3,,,,,
H.R. 3356,https://www.congress.gov/bill/118th-congress/house-bill/3356,118th Congress (2023-2024),Motor Carrier Safety Screening Modernization Act,"Graves, Garret [Rep.-R-LA-6]",05/16/2023,House - Transportation and Infrastructure,"Placed on the Union Calendar, Calendar No. 761.",12/19/2024,4,,,,,
H.R. 133,https://www.congress.gov/bill/118th-congress/house-bill/133,118th Congress (2023-2024),MERIT Act,"Buchanan, Vern [Rep.-R-FL-16]",01/09/2023,"House - Energy and Commerce, Ways and Means","Placed on the Union Calendar, Calendar No. 779.",12/19/2024,6,,,,,
H.J.Res. 96,https://www.congress.gov/bill/118th-congress/house-joint-resolution/96,118th Congress (2023-2024),Compact of Free Association Amendments Act of 2023,"Westerman, Bruce [Rep.-R-AR-4]",11/02/2023,"House - Natural Resources, Foreign Affairs, Education and the Workforce, Veterans' Affairs, Oversight and Accountability, Agriculture, Ways and Means","Placed on the Union Calendar, Calendar No. 775.",12/19/2024,42,,,,,
H.R. 200,https://www.congress.gov/bill/118th-congress/house-bill/200,118th Congress (2023-2024),FIR Act,"Rosendale Sr., Matthew M. [Rep.-R-MT-2]",01/09/2023,"House - Natural Resources, Agriculture","Placed on the Union Calendar, Calendar No. 773.",12/19/2024,5,,,,,
H.R. 8505,https://www.congress.gov/bill/118th-congress/house-bill/8505,118th Congress (2023-2024),Household Goods Shipping Consumer Protection Act,"Norton, Eleanor Holmes [Del.-D-DC-At Large]",05/22/2024,House - Transportation and Infrastructure,"Placed on the Union Calendar, Calendar No. 765.",12/19/2024,24,,,,,
H.R. 4377,https://www.congress.gov/bill/118th-congress/house-bill/4377,118th Congress (2023-2024),"To amend the Military Lands Withdrawal Act of 1999 with respect to extensions, additions, and revisions to the Barry M. Goldwater Range in Arizona.","Grijalva, Raúl M. [Rep.-D-AZ-7]",06/27/2023,"House - Natural Resources, Armed Services","Placed on the Union Calendar, Calendar No. 772.",12/19/2024,1,,,,,
H.R. 8931,https://www.congress.gov/bill/118th-congress/house-bill/8931,118th Congress (2023-2024),To redesignate Saratoga National Historical Park as Saratoga National Battlefield Park.,"Stefanik, Elise M. [Rep.-R-NY-21]",07/02/2024,House - Natural Resources | Senate - Energy and Natural Resources,Received in the Senate and Read twice and referred to the Committee on Energy and Natural Resources.,12/18/2024,3,,,,,
H.R. 4043,https://www.congress.gov/bill/118th-congress/house-bill/4043,118th Congress (2023-2024),"To amend the Save Our Seas 2.0 Act to make the District of Columbia eligible for certain wastewater infrastructure grants, and for other purposes.","Norton, Eleanor Holmes [Del.-D-DC-At Large]",06/12/2023,House - Transportation and Infrastructure,"Placed on the Union Calendar, Calendar No. 732.",12/18/2024,0,,,,,
H.R. 4428,https://www.congress.gov/bill/118th-congress/house-bill/4428,118th Congress (2023-2024),Guidance Clarity Act,"Luetkemeyer, Blaine [Rep.-R-MO-3]",06/30/2023,House - Oversight and Accountability,"Placed on the Union Calendar, Calendar No. 738.",12/18/2024,9,,,,,
H.R. 7516,https://www.congress.gov/bill/118th-congress/house-bill/7516,118th Congress (2023-2024),Purchased and Referred Care Improvement Act of 2024,"Johnson, Dusty [Rep.-R-SD-At Large]",03/01/2024,"House - Natural Resources, Energy and Commerce","Placed on the Union Calendar, Calendar No. 748.",12/18/2024,11,,,,,
H.R. 7408,https://www.congress.gov/bill/118th-congress/house-bill/7408,118th Congress (2023-2024),America’s Wildlife Habitat Conservation Act,"Westerman, Bruce [Rep.-R-AR-4]",02/20/2024,"House - Natural Resources, Agriculture","Placed on the Union Calendar, Calendar No. 754.",12/18/2024,22,,,,,
H.R. 5582,https://www.congress.gov/bill/118th-congress/house-bill/5582,118th Congress (2023-2024),White Oak Resilience Act,"Barr, Andy [Rep.-R-KY-6]",09/20/2023,"House - Natural Resources, Agriculture, Education and the Workforce","Reported (Amended) by the Committee on Natural Resources. H. Rept. 118-910, Part I.",12/18/2024,10,,,,,
H.R. 5482,https://www.congress.gov/bill/118th-congress/house-bill/5482,118th Congress (2023-2024),Energy Poverty Prevention and Accountability Act of 2024,"Hageman, Harriet M. [Rep.-R-WY-At Large]",09/14/2023,"House - Natural Resources, Energy and Commerce, Agriculture, Budget, Rules","Placed on the Union Calendar, Calendar No. 755.",12/18/2024,18,,,,,
H.R. 7867,https://www.congress.gov/bill/118th-congress/house-bill/7867,118th Congress (2023-2024),REG Budgeting Act of 2024,"Fallon, Pat [Rep.-R-TX-4]",04/05/2024,"House - Oversight and Accountability, Judiciary","Placed on the Union Calendar, Calendar No. 736.",12/18/2024,2,,,,,
H.R. 115,https://www.congress.gov/bill/118th-congress/house-bill/115,118th Congress (2023-2024),Midnight Rules Relief Act,"Biggs, Andy [Rep.-R-AZ-5]",01/09/2023,"House - Judiciary, Rules | Senate - Homeland Security and Governmental Affairs",Received in the Senate and Read twice and referred to the Committee on Homeland Security and Governmental Affairs.,12/18/2024,5,,,,,
H.R. 8946,https://www.congress.gov/bill/118th-congress/house-bill/8946,118th Congress (2023-2024),Reversionary Interest Conveyance Act,"Matsui, Doris O. [Rep.-D-CA-7]",07/08/2024,House - Natural Resources | Senate - Energy and Natural Resources,Received in the Senate and Read twice and referred to the Committee on Energy and Natural Resources.,12/18/2024,0,,,,,
H.R. 3396,https://www.congress.gov/bill/118th-congress/house-bill/3396,118th Congress (2023-2024),Fire Department Repayment Act of 2023,"Harder, Josh [Rep.-D-CA-9]",05/17/2023,"House - Natural Resources, Agriculture, Armed Services, Science, Space, and Technology | Senate - Homeland Security and Governmental Affairs",Received in the Senate and Read twice and referred to the Committee on Homeland Security and Governmental Affairs.,12/18/2024,31,,,,,
H.R. 5401,https://www.congress.gov/bill/118th-congress/house-bill/5401,118th Congress (2023-2024),9/11 Memorial and Museum Act,"D'Esposito, Anthony [Rep.-R-NY-4]",09/12/2023,House - Natural Resources,Received in the Senate.,12/18/2024,41,,,,,
H.R. 6994,https://www.congress.gov/bill/118th-congress/house-bill/6994,118th Congress (2023-2024),ROUTES Act,"Kim, Young [Rep.-R-CA-40]",01/16/2024,"House - Natural Resources, Agriculture","Placed on the Union Calendar, Calendar No. 753.",12/18/2024,3,,,,,
H.R. 7003,https://www.congress.gov/bill/118th-congress/house-bill/7003,118th Congress (2023-2024),National Landslide Preparedness Act Reauthorization Act of 2024,"DelBene, Suzan K. [Rep.-D-WA-1]",01/17/2024,"House - Natural Resources, Science, Space, and Technology","Placed on the Union Calendar, Calendar No. 745.",12/18/2024,19,,,,,
H.R. 9516,https://www.congress.gov/bill/118th-congress/house-bill/9516,118th Congress (2023-2024),Military Families National Parks Access Enhancement Act,"Chavez-DeRemer, Lori [Rep.-R-OR-5]",09/10/2024,"House - Natural Resources, Agriculture | Senate - Energy and Natural Resources",Received in the Senate and Read twice and referred to the Committee on Energy and Natural Resources.,12/18/2024,6,,,,,
H.R. 8308,https://www.congress.gov/bill/118th-congress/house-bill/8308,118th Congress (2023-2024),Nutria Eradication and Control Reauthorization Act of 2024,"Harder, Josh [Rep.-D-CA-9]",05/08/2024,House - Natural Resources | Senate - Environment and Public Works,Received in the Senate and Read twice and referred to the Committee on Environment and Public Works.,12/18/2024,4,,,,,
H.R. 3173,https://www.congress.gov/bill/118th-congress/house-bill/3173,118th Congress (2023-2024),Northern Nevada Economic Development and Conservation Act of 2024,"Amodei, Mark E. [Rep.-R-NV-2]",05/10/2023,"House - Natural Resources, Agriculture","Placed on the Union Calendar, Calendar No. 752.",12/18/2024,0,,,,,
H.R. 6127,https://www.congress.gov/bill/118th-congress/house-bill/6127,118th Congress (2023-2024),MAPWaters Act,"Moore, Blake D. [Rep.-R-UT-1]",11/01/2023,"House - Natural Resources, Agriculture",Received in the Senate. Read twice. Placed on Senate Legislative Calendar under General Orders. Calendar No. 728.,12/18/2024,7,,,,,
H.R. 7532,https://www.congress.gov/bill/118th-congress/house-bill/7532,118th Congress (2023-2024),Federal A.I. Governance and Transparency Act of 2024,"Comer, James [Rep.-R-KY-1]",03/05/2024,House - Oversight and Accountability,"Placed on the Union Calendar, Calendar No. 740.",12/18/2024,7,,,,,
H.R. 4235,https://www.congress.gov/bill/118th-congress/house-bill/4235,118th Congress (2023-2024),"Wildfire Technology Demonstration, Evaluation, Modernization, and Optimization Act","Kim, Young [Rep.-R-CA-40]",06/21/2023,"House - Natural Resources, Agriculture","Placed on the Union Calendar, Calendar No. 747.",12/18/2024,12,,,,,
H.R. 2989,https://www.congress.gov/bill/118th-congress/house-bill/2989,118th Congress (2023-2024),Save Our Sequoias Act,"McCarthy, Kevin [Rep.-R-CA-20]",04/28/2023,"House - Natural Resources, Agriculture","Placed on the Union Calendar, Calendar No. 757.",12/18/2024,57,,,,,
H.R. 6342,https://www.congress.gov/bill/118th-congress/house-bill/6342,118th Congress (2023-2024),MVP Act,"Kiggans, Jennifer A [Rep.-R-VA-2]",11/09/2023,"House - Natural Resources, Agriculture, Veterans' Affairs","Placed on the Union Calendar, Calendar No. 744.",12/18/2024,6,,,,,
H.R. 7533,https://www.congress.gov/bill/118th-congress/house-bill/7533,118th Congress (2023-2024),Modernizing Retrospective Regulatory Review Act,"Biggs, Andy [Rep.-R-AZ-5]",03/05/2024,House - Oversight and Accountability,"Placed on the Union Calendar, Calendar No. 737.",12/18/2024,2,,,,,
H.R. 6012,https://www.congress.gov/bill/118th-congress/house-bill/6012,118th Congress (2023-2024),Fire Safe Electrical Corridors Act of 2023,"Carbajal, Salud O. [Rep.-D-CA-24]",10/20/2023,"House - Natural Resources, Agriculture","Reported (Amended) by the Committee on Natural Resources. H. Rept. 118-915, Part I.",12/18/2024,11,,,,,
H.R. 1209,https://www.congress.gov/bill/118th-congress/house-bill/1209,118th Congress (2023-2024),FOCA Act of 2023,"Comer, James [Rep.-R-KY-1]",02/27/2023,House - Oversight and Accountability,"Placed on the Union Calendar, Calendar No. 734.",12/18/2024,122,,,,,
H.R. 1319,https://www.congress.gov/bill/118th-congress/house-bill/1319,118th Congress (2023-2024),Biking on Long-Distance Trails Act,"Neguse, Joe [Rep.-D-CO-2]",03/01/2023,"House - Natural Resources, Agriculture","Placed on the Union Calendar, Calendar No. 742.",12/18/2024,6,,,,,
H.R. 3230,https://www.congress.gov/bill/118th-congress/house-bill/3230,118th Congress (2023-2024),Unfunded Mandates Accountability and Transparency Act of 2023,"Foxx, Virginia [Rep.-R-NC-5]",05/11/2023,"House - Oversight and Accountability, Rules, Budget, Judiciary","Placed on the Union Calendar, Calendar No. 741.",12/18/2024,6,,,,,
H.R. 3269,https://www.congress.gov/bill/118th-congress/house-bill/3269,118th Congress (2023-2024),Law Enforcement Innovate to De-Escalate Act,"Stanton, Greg [Rep.-D-AZ-4]",05/11/2023,"House - Ways and Means, Judiciary","Placed on the Union Calendar, Calendar No. 749.",12/18/2024,66,,,,,
H.R. 3283,https://www.congress.gov/bill/118th-congress/house-bill/3283,118th Congress (2023-2024),Facilitating DIGITAL Applications Act,"Miller-Meeks, Mariannette [Rep.-R-IA-1]",05/15/2023,"House - Energy and Commerce, Natural Resources, Agriculture","Placed on the Union Calendar, Calendar No. 746.",12/18/2024,1,,,,,
H.R. 1419,https://www.congress.gov/bill/118th-congress/house-bill/1419,118th Congress (2023-2024),Comprehensive Grizzly Bear Management Act of 2023,"Rosendale Sr., Matthew M. [Rep.-R-MT-2]",03/07/2023,House - Natural Resources,"Placed on the Union Calendar, Calendar No. 750.",12/18/2024,3,,,,,
H.R. 934,https://www.congress.gov/bill/118th-congress/house-bill/934,118th Congress (2023-2024),"To require the Secretary of Agriculture to carry out activities to suppress wildfires, and for other purposes.","McClintock, Tom [Rep.-R-CA-5]",02/09/2023,"House - Natural Resources, Agriculture","Reported (Amended) by the Committee on Natural Resources. H. Rept. 118-924, Part I.",12/18/2024,7,,,,,
H.R. 3562,https://www.congress.gov/bill/118th-congress/house-bill/3562,118th Congress (2023-2024),Forest Service Flexible Housing Partnerships Act of 2023,"Neguse, Joe [Rep.-D-CO-2]",05/22/2023,"House - Natural Resources, Agriculture","Reported (Amended) by the Committee on Natural Resources. H. Rept. 118-908, Part I.",12/18/2024,3,,,,,
H.R. 3049,https://www.congress.gov/bill/118th-congress/house-bill/3049,118th Congress (2023-2024),Utah School and Institutional Trust Lands Administration Exchange Act of 2023,"Curtis, John R. [Rep.-R-UT-3]",05/02/2023,House - Natural Resources,"Placed on the Union Calendar, Calendar No. 743.",12/18/2024,4,,,,,
H.R. 215,https://www.congress.gov/bill/118th-congress/house-bill/215,118th Congress (2023-2024),WATER for California,"Valadao, David G. [Rep.-R-CA-22]",01/09/2023,House - Natural Resources,"Placed on the Union Calendar, Calendar No. 751.",12/18/2024,12,,,,,
H.R. 188,https://www.congress.gov/bill/118th-congress/house-bill/188,118th Congress (2023-2024),Proven Forest Management Act of 2022,"McClintock, Tom [Rep.-R-CA-5]",01/09/2023,"House - Natural Resources, Agriculture","Reported (Amended) by the Committee on Natural Resources. H. Rept. 118-926, Part I.",12/18/2024,7,,,,,
H.R. 262,https://www.congress.gov/bill/118th-congress/house-bill/262,118th Congress (2023-2024),ALERT Act,"Good, Bob [Rep.-R-VA-5]",01/10/2023,"House - Oversight and Accountability, Judiciary","Placed on the Union Calendar, Calendar No. 739.",12/18/2024,3,,,,,
H.R. 5798,https://www.congress.gov/bill/118th-congress/house-bill/5798,118th Congress (2023-2024),Protecting Our Nation’s Capital Emergency Act of 2024,"Garbarino, Andrew R. [Rep.-R-NY-2]",09/28/2023,House - Oversight and Accountability,"Placed on the Union Calendar, Calendar No. 735.",12/18/2024,12,,,,,
H.R. 9135,https://www.congress.gov/bill/118th-congress/house-bill/9135,118th Congress (2023-2024),Ensuring Airline Resiliency to Reduce Delays and Cancellations Act,"Larsen, Rick [Rep.-D-WA-2]",07/25/2024,House - Transportation and Infrastructure,"Placed on the Union Calendar, Calendar No. 733.",12/18/2024,9,,,,,
H.Con.Res. 34,https://www.congress.gov/bill/118th-congress/house-concurrent-resolution/34,118th Congress (2023-2024),"Expressing disapproval of the withdrawal by the Secretary of the Interior of approximately 225,504 acres of National Forest System lands in Cook, Lake, and Saint Louis Counties, Minnesota, from disposition under the United States mineral and geothermal leasing laws.","Stauber, Pete [Rep.-R-MN-8]",04/25/2023,House - Natural Resources,"Placed on the Union Calendar, Calendar No. 758.",12/18/2024,0,,,,,
H.R. 4374,https://www.congress.gov/bill/118th-congress/house-bill/4374,118th Congress (2023-2024),Energy Opportunities for All Act,"Crane, Elijah [Rep.-R-AZ-2]",06/27/2023,House - Natural Resources,"Placed on the Union Calendar, Calendar No. 756.",12/18/2024,4,,,,,
H.R. 5015,https://www.congress.gov/bill/118th-congress/house-bill/5015,118th Congress (2023-2024),Seedlings for Sustainable Habitat Restoration Act of 2023,"Leger Fernandez, Teresa [Rep.-D-NM-3]",07/27/2023,"House - Natural Resources, Agriculture","Reported (Amended) by the Committee on Natural Resources. H. Rept. 118-912, Part I.",12/18/2024,7,,,,,
H.R. 8150,https://www.congress.gov/bill/118th-congress/house-bill/8150,118th Congress (2023-2024),Reducing Excessive Vetting Authorities to Maintain our Ports Act,"Gonzales, Tony [Rep.-R-TX-23]",04/29/2024,"House - Homeland Security, Ways and Means",Received in the Senate. Read twice. Placed on Senate Legislative Calendar under General Orders. Calendar No. 715.,12/17/2024,5,,,,,
H.R. 8631,https://www.congress.gov/bill/118th-congress/house-bill/8631,118th Congress (2023-2024),Decoupling from Foreign Adversarial Battery Dependence Act,"Gimenez, Carlos A. [Rep.-R-FL-28]",06/05/2024,House - Homeland Security | Senate - Homeland Security and Governmental Affairs,Placed on Senate Legislative Calendar under General Orders. Calendar No. 713.,12/17/2024,4,,,,,
H.R. 2407,https://www.congress.gov/bill/118th-congress/house-bill/2407,118th Congress (2023-2024),Nancy Gardner Sewell Medicare Multi-Cancer Early Detection Screening Coverage Act,"Arrington, Jodey C. [Rep.-R-TX-19]",03/30/2023,"House - Ways and Means, Energy and Commerce","Reported (Amended) by the Committee on Ways and Means. H. Rept. 118-893, Part I.",12/17/2024,319,,,,,
H.R. 3293,https://www.congress.gov/bill/118th-congress/house-bill/3293,118th Congress (2023-2024),Expediting Federal Broadband Deployment Reviews Act,"Duncan, Jeff [Rep.-R-SC-3]",05/15/2023,"House - Energy and Commerce, Natural Resources, Agriculture | Senate - Commerce, Science, and Transportation","Received in the Senate and Read twice and referred to the Committee on Commerce, Science, and Transportation.",12/17/2024,1,,,,,
H.R. 8914,https://www.congress.gov/bill/118th-congress/house-bill/8914,118th Congress (2023-2024),University Accountability Act,"Malliotakis, Nicole [Rep.-R-NY-11]",07/02/2024,House - Ways and Means,"Placed on the Union Calendar, Calendar No. 729.",12/17/2024,13,,,,,
H.R. 7188,https://www.congress.gov/bill/118th-congress/house-bill/7188,118th Congress (2023-2024),Shandra Eisenga Human Cell and Tissue Product Safety Act,"Moolenaar, John R. [Rep.-R-MI-2]",02/01/2024,House - Energy and Commerce,Received in the Senate.,12/17/2024,1,,,,,
H.R. 5840,https://www.congress.gov/bill/118th-congress/house-bill/5840,118th Congress (2023-2024),Transportation Security Screening Modernization Act of 2024,"Graves, Garret [Rep.-R-LA-6]",09/29/2023,House - Homeland Security,"Placed on the Union Calendar, Calendar No. 725.",12/17/2024,64,,,,,
H.R. 7986,https://www.congress.gov/bill/118th-congress/house-bill/7986,118th Congress (2023-2024),Generalized System of Preferences Reform Act,"Smith, Adrian [Rep.-R-NE-3]",04/15/2024,House - Ways and Means,"Placed on the Union Calendar, Calendar No. 727.",12/17/2024,0,,,,,
H.R. 5945,https://www.congress.gov/bill/118th-congress/house-bill/5945,118th Congress (2023-2024),Freezing HAMAS Act,"Meuser, Daniel [Rep.-R-PA-9]",10/12/2023,"House - Financial Services, Foreign Affairs, Oversight and Accountability, Ways and Means",Referred to the Subcommittee on Trade.,12/17/2024,19,,,,,
H.R. 824,https://www.congress.gov/bill/118th-congress/house-bill/824,118th Congress (2023-2024),Telehealth Benefit Expansion for Workers Act of 2023,"Walberg, Tim [Rep.-R-MI-5]",02/02/2023,"House - Education and the Workforce, Energy and Commerce, Ways and Means",Referred to the Subcommittee on Health.,12/17/2024,10,,,,,
H.R. 589,https://www.congress.gov/bill/118th-congress/house-bill/589,118th Congress (2023-2024),MAHSA Act,"Banks, Jim [Rep.-R-IN-3]",01/27/2023,"House - Foreign Affairs, Judiciary, Financial Services, Ways and Means",Referred to the Subcommittee on Trade.,12/17/2024,128,,,,,
H.R. 9489,https://www.congress.gov/bill/118th-congress/house-bill/9489,118th Congress (2023-2024),Advisory Committee on the Records of Congress Sunset Act of 2024,"Steil, Bryan [Rep.-R-WI-1]",09/06/2024,House - House Administration,Received in the Senate. Read twice. Placed on Senate Legislative Calendar under General Orders. Calendar No. 716.,12/17/2024,1,,,,,
H.R. 7224,https://www.congress.gov/bill/118th-congress/house-bill/7224,118th Congress (2023-2024),"To amend the Public Health Service Act to reauthorize the Stop, Observe, Ask, and Respond to Health and Wellness Training Program.","Cohen, Steve [Rep.-D-TN-9]",02/05/2024,"House - Energy and Commerce | Senate - Health, Education, Labor, and Pensions","Received in the Senate and Read twice and referred to the Committee on Health, Education, Labor, and Pensions.",12/17/2024,3,,,,,
H.Res. 1616,https://www.congress.gov/bill/118th-congress/house-resolution/1616,118th Congress (2023-2024),"Providing for consideration of the bill (H.R. 115) to amend chapter 8 of title 5, United States Code, to provide for en bloc consideration in resolutions of disapproval for ""midnight rules'', and for other purposes.","Burgess, Michael C. [Rep.-R-TX-26]",12/16/2024,House - Rules,Motion to reconsider laid on the table Agreed to without objection.,12/17/2024,0,,,,,
H.R. 7983,https://www.congress.gov/bill/118th-congress/house-bill/7983,118th Congress (2023-2024),Stop Executive Overreach on Trade Agreements,"Fischbach, Michelle [Rep.-R-MN-7]",04/15/2024,House - Ways and Means,"Placed on the Union Calendar, Calendar No. 726.",12/17/2024,0,,,,,
H.R. 8291,https://www.congress.gov/bill/118th-congress/house-bill/8291,118th Congress (2023-2024),End Zuckerbucks Act,"Tenney, Claudia [Rep.-R-NY-24]",05/08/2024,House - Ways and Means,"Placed on the Union Calendar, Calendar No. 728.",12/17/2024,1,,,,,
H.R. 8293,https://www.congress.gov/bill/118th-congress/house-bill/8293,118th Congress (2023-2024),American Donor Privacy and Foreign Funding Transparency Act,"Schweikert, David [Rep.-R-AZ-1]",05/08/2024,"House - Ways and Means, Oversight and Accountability","Placed on the Union Calendar, Calendar No. 731.",12/17/2024,0,,,,,
H.R. 6394,https://www.congress.gov/bill/118th-congress/house-bill/6394,118th Congress (2023-2024),Semiquincentennial Congressional Time Capsule Act,"Watson Coleman, Bonnie [Rep.-D-NJ-12]",11/13/2023,"House - House Administration, Transportation and Infrastructure | Senate - Rules and Administration",Received in the Senate and Read twice and referred to the Committee on Rules and Administration.,12/17/2024,60,,,,,
H.R. 485,https://www.congress.gov/bill/118th-congress/house-bill/485,118th Congress (2023-2024),Protecting Health Care for All Patients Act of 2023,"McMorris Rodgers, Cathy [Rep.-R-WA-5]",01/24/2023,"House - Energy and Commerce, Ways and Means | Senate - Finance",Referred to the Subcommittee on Health.,12/17/2024,5,,,,,
H.R. 3120,https://www.congress.gov/bill/118th-congress/house-bill/3120,118th Congress (2023-2024),Healthy Competition for Better Care Act,"Steel, Michelle [Rep.-R-CA-45]",05/05/2023,"House - Education and the Workforce, Energy and Commerce, Ways and Means",Referred to the Subcommittee on Health.,12/17/2024,1,,,,,
H.R. 3208,https://www.congress.gov/bill/118th-congress/house-bill/3208,118th Congress (2023-2024),DHS Cybersecurity On-the-Job Training Program Act,"Jackson Lee, Sheila [Rep.-D-TX-18]",05/11/2023,House - Homeland Security | Senate - Homeland Security and Governmental Affairs,Placed on Senate Legislative Calendar under General Orders. Calendar No. 710.,12/17/2024,6,,,,,
H.R. 1377,https://www.congress.gov/bill/118th-congress/house-bill/1377,118th Congress (2023-2024),Promoting United States Wireless Leadership Act of 2023,"Walberg, Tim [Rep.-R-MI-5]",03/03/2023,"House - Energy and Commerce, Foreign Affairs | Senate - Commerce, Science, and Transportation","Received in the Senate and Read twice and referred to the Committee on Commerce, Science, and Transportation.",12/17/2024,3,,,,,
H.R. 5389,https://www.congress.gov/bill/118th-congress/house-bill/5389,118th Congress (2023-2024),National Coverage Determination Transparency Act,"Guthrie, Brett [Rep.-R-KY-2]",09/12/2023,"House - Energy and Commerce, Ways and Means",Referred to the Subcommittee on Health.,12/17/2024,3,,,,,
H.R. 5396,https://www.congress.gov/bill/118th-congress/house-bill/5396,118th Congress (2023-2024),Coverage Determination Clarity Act of 2023,"Bucshon, Larry [Rep.-R-IN-8]",09/12/2023,"House - Energy and Commerce, Ways and Means",Referred to the Subcommittee on Health.,12/17/2024,0,,,,,
H.R. 2794,https://www.congress.gov/bill/118th-congress/house-bill/2794,118th Congress (2023-2024),Border Reinforcement Act of 2023,"Green, Mark E. [Rep.-R-TN-7]",04/24/2023,"House - Homeland Security, Ways and Means, Judiciary",Referred to the Subcommittee on Trade.,12/17/2024,24,,,,,
H.R. 2640,https://www.congress.gov/bill/118th-congress/house-bill/2640,118th Congress (2023-2024),Border Security and Enforcement Act of 2023,"McClintock, Tom [Rep.-R-CA-5]",04/17/2023,"House - Judiciary, Ways and Means, Education and the Workforce, Homeland Security",Referred to the Subcommittee on Trade.,12/17/2024,2,,,,,
H.R. 3343,https://www.congress.gov/bill/118th-congress/house-bill/3343,118th Congress (2023-2024),Federal Broadband Deployment Tracking Act,"Pfluger, August [Rep.-R-TX-11]",05/15/2023,"House - Energy and Commerce | Senate - Commerce, Science, and Transportation","Received in the Senate and Read twice and referred to the Committee on Commerce, Science, and Transportation.",12/17/2024,1,,,,,
H.R. 2813,https://www.congress.gov/bill/118th-congress/house-bill/2813,118th Congress (2023-2024),Self-Insurance Protection Act,"Good, Bob [Rep.-R-VA-5]",04/25/2023,"House - Education and the Workforce, Energy and Commerce, Ways and Means",Referred to the Subcommittee on Health.,12/17/2024,2,,,,,
H.R. 7981,https://www.congress.gov/bill/118th-congress/house-bill/7981,118th Congress (2023-2024),Stop China’s Exploitation of Congolese Children and Adult Forced Labor through Cobalt Mining Act,"Smith, Christopher H. [Rep.-R-NJ-4]",04/15/2024,House - Ways and Means,"Placed on the Union Calendar, Calendar No. 730.",12/17/2024,0,,,,,
H.R. 6000,https://www.congress.gov/bill/118th-congress/house-bill/6000,118th Congress (2023-2024),Revoke Iranian Funding Act of 2023,"Nunn, Zachary [Rep.-R-IA-3]",10/19/2023,"House - Financial Services, Foreign Affairs, Oversight and Accountability, Ways and Means",Referred to the Subcommittee on Trade.,12/17/2024,15,,,,,
H.R. 6020,https://www.congress.gov/bill/118th-congress/house-bill/6020,118th Congress (2023-2024),Honor Our Living Donors Act,"Obernolte, Jay [Rep.-R-CA-23]",10/24/2023,"House - Energy and Commerce | Senate - Health, Education, Labor, and Pensions","Received in the Senate and Read twice and referred to the Committee on Health, Education, Labor, and Pensions.",12/17/2024,9,,,,,
H.R. 4534,https://www.congress.gov/bill/118th-congress/house-bill/4534,118th Congress (2023-2024),Women and Lung Cancer Research and Preventive Services Act of 2024,"Boyle, Brendan F. [Rep.-D-PA-2]",07/11/2023,"House - Energy and Commerce | Senate - Health, Education, Labor, and Pensions","Received in the Senate and Read twice and referred to the Committee on Health, Education, Labor, and Pensions.",12/17/2024,35,,,,,
H.R. 6489,https://www.congress.gov/bill/118th-congress/house-bill/6489,118th Congress (2023-2024),Alaska Native Village Municipal Lands Restoration Act of 2023,"Peltola, Mary Sattler [Rep.-D-AK-At Large]",11/28/2023,House - Natural Resources,"Placed on the Union Calendar, Calendar No. 720.",12/16/2024,2,,,,,
H.J.Res. 181,https://www.congress.gov/bill/118th-congress/house-joint-resolution/181,118th Congress (2023-2024),"Providing for congressional disapproval under chapter 8 of title 5, United States Code, of the rule submitted by the Department of Labor relating to ""Definition of 'Employer'-Association Health Plans"".","Walberg, Tim [Rep.-R-MI-5]",07/02/2024,House - Education and the Workforce,"Placed on the Union Calendar, Calendar No. 715.",12/16/2024,21,,,,,
H.R. 4748,https://www.congress.gov/bill/118th-congress/house-bill/4748,118th Congress (2023-2024),Unrecognized Southeast Alaska Native Communities Recognition and Compensation Act,"Peltola, Mary Sattler [Rep.-D-AK-At Large]",07/19/2023,House - Natural Resources,"Placed on the Union Calendar, Calendar No. 718.",12/16/2024,3,,,,,
H.R. 8665,https://www.congress.gov/bill/118th-congress/house-bill/8665,118th Congress (2023-2024),Supercritical Geothermal Research and Development Act,"Lucas, Frank D. [Rep.-R-OK-3]",06/07/2024,"House - Natural Resources, Science, Space, and Technology","Reported (Amended) by the Committee on Natural Resources. H. Rept. 118-880, Part I.",12/16/2024,2,,,,,
H.R. 6494,https://www.congress.gov/bill/118th-congress/house-bill/6494,118th Congress (2023-2024),PIPES Act of 2023,"Graves, Sam [Rep.-R-MO-6]",11/29/2023,"House - Transportation and Infrastructure, Energy and Commerce","Placed on the Union Calendar, Calendar No. 721.",12/16/2024,3,,,,,
H.J.Res. 142,https://www.congress.gov/bill/118th-congress/house-joint-resolution/142,118th Congress (2023-2024),"Providing for congressional disapproval under chapter 8 of title 5, United States Code, of the rule submitted by the Department of Labor relating to ""Retirement Security Rule: Definition of an Investment Advice Fiduciary"".","Allen, Rick W. [Rep.-R-GA-12]",05/15/2024,House - Education and the Workforce,"Placed on the Union Calendar, Calendar No. 716.",12/16/2024,54,,,,,
H.R. 9488,https://www.congress.gov/bill/118th-congress/house-bill/9488,118th Congress (2023-2024),SHIELD Act,"Steil, Bryan [Rep.-R-WI-1]",09/06/2024,House - House Administration,The title of the measure was amended. Agreed to without objection.,12/16/2024,5,,,,,
H.R. 272,https://www.congress.gov/bill/118th-congress/house-bill/272,118th Congress (2023-2024),ASTRO Act,"Babin, Brian [Rep.-R-TX-36]",01/11/2023,"House - Science, Space, and Technology, Oversight and Accountability | Senate - Homeland Security and Governmental Affairs",Placed on Senate Legislative Calendar under General Orders. Calendar No. 704.,12/16/2024,1,,,,,
H.R. 6210,https://www.congress.gov/bill/118th-congress/house-bill/6210,118th Congress (2023-2024),"To designate the General George C. Marshall House, in the Commonwealth of Virginia, as an affiliated area of the National Park System, and for other purposes.","Wexton, Jennifer [Rep.-D-VA-10]",11/02/2023,House - Natural Resources,"Placed on the Union Calendar, Calendar No. 719.",12/16/2024,0,,,,,
H.R. 5089,https://www.congress.gov/bill/118th-congress/house-bill/5089,118th Congress (2023-2024),Reducing Regulatory Burdens Act of 2023,"Rouzer, David [Rep.-R-NC-7]",07/28/2023,"House - Transportation and Infrastructure, Agriculture","Placed on the Union Calendar, Calendar No. 722.",12/16/2024,3,,,,,
H.R. 1586,https://www.congress.gov/bill/118th-congress/house-bill/1586,118th Congress (2023-2024),Forest Protection and Wildland Firefighter Safety Act of 2023,"LaMalfa, Doug [Rep.-R-CA-1]",03/14/2023,"House - Natural Resources, Transportation and Infrastructure, Agriculture","Placed on the Union Calendar, Calendar No. 723.",12/16/2024,38,,,,,
H.R. 9533,https://www.congress.gov/bill/118th-congress/house-bill/9533,118th Congress (2023-2024),ESA Amendments Act of 2024,"Westerman, Bruce [Rep.-R-AR-4]",09/10/2024,House - Natural Resources,"Placed on the Union Calendar, Calendar No. 717.",12/16/2024,11,,,,,
H.R. 3971,https://www.congress.gov/bill/118th-congress/house-bill/3971,118th Congress (2023-2024),Flatside Wilderness Additions Act,"Hill, J. French [Rep.-R-AR-2]",06/09/2023,House - Natural Resources,"Placed on the Union Calendar, Calendar No. 710.",12/12/2024,0,,,,,
H.R. 5863,https://www.congress.gov/bill/118th-congress/house-bill/5863,118th Congress (2023-2024),Federal Disaster Tax Relief Act of 2023,"Steube, W. Gregory [Rep.-R-FL-17]",10/02/2023,House - Ways and Means | Senate - Finance,Became Public Law No: 118-148.,12/12/2024,35,,,,,
H.R. 4338,https://www.congress.gov/bill/118th-congress/house-bill/4338,118th Congress (2023-2024),Route 66 National Historic Trail Designation Act,"LaHood, Darin [Rep.-R-IL-16]",06/23/2023,House - Natural Resources,"Placed on the Union Calendar, Calendar No. 706.",12/12/2024,16,,,,,
H.R. 1584,https://www.congress.gov/bill/118th-congress/house-bill/1584,118th Congress (2023-2024),Plum Island National Monument Act,"LaLota, Nick [Rep.-R-NY-1]",03/14/2023,House - Natural Resources,"Placed on the Union Calendar, Calendar No. 707.",12/12/2024,12,,,,,
H.R. 1432,https://www.congress.gov/bill/118th-congress/house-bill/1432,118th Congress (2023-2024),VETT Act,"Wenstrup, Brad R. [Rep.-R-OH-2]",03/07/2023,House - Ways and Means,Became Public Law No: 118-146.,12/12/2024,15,,,,,
H.R. 3821,https://www.congress.gov/bill/118th-congress/house-bill/3821,118th Congress (2023-2024),Firefighter Cancer Registry Reauthorization Act of 2023,"Pascrell, Bill, Jr. [Rep.-D-NJ-9]",06/05/2023,"House - Energy and Commerce | Senate - Health, Education, Labor, and Pensions",Became Public Law No: 118-147.,12/12/2024,11,,,,,
H.R. 3013,https://www.congress.gov/bill/118th-congress/house-bill/3013,118th Congress (2023-2024),LICENSE Act of 2023,"LaHood, Darin [Rep.-R-IL-16]",04/28/2023,House - Transportation and Infrastructure,"Placed on the Union Calendar, Calendar No. 712.",12/12/2024,7,,,,,
H.R. 3047,https://www.congress.gov/bill/118th-congress/house-bill/3047,118th Congress (2023-2024),Apache County and Navajo County Conveyance Act of 2024,"Crane, Elijah [Rep.-R-AZ-2]",05/02/2023,House - Natural Resources,"Placed on the Union Calendar, Calendar No. 709.",12/12/2024,1,,,,,
H.R. 2685,https://www.congress.gov/bill/118th-congress/house-bill/2685,118th Congress (2023-2024),Mining Schools Act of 2024,"Owens, Burgess [Rep.-R-UT-4]",04/18/2023,House - Natural Resources,"Placed on the Union Calendar, Calendar No. 705.",12/12/2024,24,,,,,
H.R. 2687,https://www.congress.gov/bill/118th-congress/house-bill/2687,118th Congress (2023-2024),Alaska Native Settlement Trust Eligibility Act,"Peltola, Mary Sattler [Rep.-D-AK-At Large]",04/18/2023,House - Natural Resources,"Placed on the Union Calendar, Calendar No. 708.",12/12/2024,2,,,,,
H.R. 6322,https://www.congress.gov/bill/118th-congress/house-bill/6322,118th Congress (2023-2024),End Financing for Hamas and State Sponsors of Terrorism Act,"Steil, Bryan [Rep.-R-WI-1]",11/09/2023,"House - Financial Services, Foreign Affairs","Placed on the Union Calendar, Calendar No. 704.",12/12/2024,9,,,,,
H.R. 8995,https://www.congress.gov/bill/118th-congress/house-bill/8995,118th Congress (2023-2024),Baby Changing on Board Act,"Underwood, Lauren [Rep.-D-IL-14]",07/11/2024,House - Transportation and Infrastructure,"Placed on the Union Calendar, Calendar No. 711.",12/12/2024,17,,,,,
H.R. 9716,https://www.congress.gov/bill/118th-congress/house-bill/9716,118th Congress (2023-2024),Increasing Baseline Updates Act,"Moore, Blake D. [Rep.-R-UT-1]",09/20/2024,House - Budget | Senate - Budget,Received in the Senate and Read twice and referred to the Committee on the Budget.,12/12/2024,19,,,,,
H.Res. 152,https://www.congress.gov/bill/118th-congress/house-resolution/152,118th Congress (2023-2024),"Supporting the goals and ideals of ""move over"" laws.","McGovern, James P. [Rep.-D-MA-2]",02/24/2023,House - Transportation and Infrastructure,"Placed on the House Calendar, Calendar No. 100.",12/12/2024,7,,,,,
H.R. 7764,https://www.congress.gov/bill/118th-congress/house-bill/7764,118th Congress (2023-2024),Commission to Study the Potential Transfer of the Weitzman National Museum of American Jewish History to the Smithsonian Institution Act,"Wasserman Schultz, Debbie [Rep.-D-FL-25]",03/20/2024,House - House Administration | Senate - Rules and Administration,Became Public Law No: 118-144.,12/11/2024,94,,,,,
H.R. 6229,https://www.congress.gov/bill/118th-congress/house-bill/6229,118th Congress (2023-2024),DHS Special Events Program and Support Act,"Titus, Dina [Rep.-D-NV-1]",11/03/2023,"House - Homeland Security, Judiciary | Senate - Homeland Security and Governmental Affairs",Received in the Senate and Read twice and referred to the Committee on Homeland Security and Governmental Affairs.,12/11/2024,4,,,,,
H.R. 8932,https://www.congress.gov/bill/118th-congress/house-bill/8932,118th Congress (2023-2024),FAFSA Deadline Act,"Houchin, Erin [Rep.-R-IN-9]",07/05/2024,House - Education and the Workforce,Became Public Law No: 118-145.,12/11/2024,10,,,,,
H.R. 9769,https://www.congress.gov/bill/118th-congress/house-bill/9769,118th Congress (2023-2024),Strengthening Cyber Resilience Against State-Sponsored Threats Act,"Lee, Laurel M. [Rep.-R-FL-15]",09/24/2024,House - Homeland Security | Senate - Homeland Security and Governmental Affairs,Received in the Senate and Read twice and referred to the Committee on Homeland Security and Governmental Affairs.,12/11/2024,2,,,,,
H.R. 7779,https://www.congress.gov/bill/118th-congress/house-bill/7779,118th Congress (2023-2024),Good Samaritan Remediation of Abandoned Hardrock Mines Act of 2024,"Maloy, Celeste [Rep.-R-UT-2]",03/21/2024,"House - Transportation and Infrastructure, Energy and Commerce, Natural Resources","Placed on the Union Calendar, Calendar No. 703.",12/11/2024,36,,,,,
H.R. 9668,https://www.congress.gov/bill/118th-congress/house-bill/9668,118th Congress (2023-2024),SHIELD Against CCP Act,"Strong, Dale W. [Rep.-R-AL-5]",09/18/2024,"House - Homeland Security, Ways and Means, Financial Services, Judiciary, Foreign Affairs | Senate - Homeland Security and Governmental Affairs",Received in the Senate and Read twice and referred to the Committee on Homeland Security and Governmental Affairs.,12/11/2024,6,,,,,
H.R. 7673,https://www.congress.gov/bill/118th-congress/house-bill/7673,118th Congress (2023-2024),Liberty in Laundry Act,"Ogles, Andrew [Rep.-R-TN-5]",03/13/2024,House - Energy and Commerce | Senate - Energy and Natural Resources,Received in the Senate and Read twice and referred to the Committee on Energy and Natural Resources.,12/11/2024,2,,,,,
H.R. 5302,https://www.congress.gov/bill/118th-congress/house-bill/5302,118th Congress (2023-2024),Michel O. Maceda Memorial Act,"González-Colón, Jenniffer [Resident Commissioner-R-PR-At Large]",08/29/2023,"House - Homeland Security, Ways and Means | Senate - Homeland Security and Governmental Affairs",Became Public Law No: 118-139.,12/11/2024,15,,,,,
H.R. 9689,https://www.congress.gov/bill/118th-congress/house-bill/9689,118th Congress (2023-2024),DHS Cybersecurity Internship Program Act,"Clarke, Yvette D. [Rep.-D-NY-9]",09/19/2024,House - Homeland Security | Senate - Homeland Security and Governmental Affairs,Received in the Senate and Read twice and referred to the Committee on Homeland Security and Governmental Affairs.,12/11/2024,1,,,,,
H.R. 7137,https://www.congress.gov/bill/118th-congress/house-bill/7137,118th Congress (2023-2024),Trafficking Survivors Relief Act of 2024,"Fry, Russell [Rep.-R-SC-7]",01/30/2024,House - Judiciary,"Placed on the Union Calendar, Calendar No. 702.",12/11/2024,38,,,,,
H.R. 7218,https://www.congress.gov/bill/118th-congress/house-bill/7218,118th Congress (2023-2024),BOLD Infrastructure for Alzheimer's Reauthorization Act of 2024,"Guthrie, Brett [Rep.-R-KY-2]",02/05/2024,House - Energy and Commerce,Became Public Law No: 118-142.,12/11/2024,79,,,,,
H.R. 2950,https://www.congress.gov/bill/118th-congress/house-bill/2950,118th Congress (2023-2024),Coastal Habitat Conservation Act of 2023,"Huffman, Jared [Rep.-D-CA-2]",04/27/2023,House - Natural Resources,Became Public Law No: 118-138.,12/11/2024,5,,,,,
H.R. 8692,https://www.congress.gov/bill/118th-congress/house-bill/8692,118th Congress (2023-2024),Amtrak Transparency and Accountability for Passengers and Taxpayers Act,"Nehls, Troy E. [Rep.-R-TX-22]",06/11/2024,"House - Transportation and Infrastructure | Senate - Commerce, Science, and Transportation","Received in the Senate and Read twice and referred to the Committee on Commerce, Science, and Transportation.",12/11/2024,1,,,,,
H.R. 8033,https://www.congress.gov/bill/118th-congress/house-bill/8033,118th Congress (2023-2024),Regulatory Transparency for Small Businesses Act,"Luetkemeyer, Blaine [Rep.-R-MO-3]",04/17/2024,"House - Small Business, Judiciary","Reported by the Committee on Small Business. H. Rept. 118-851, Part I.",12/10/2024,3,,,,,
H.R. 7776,https://www.congress.gov/bill/118th-congress/house-bill/7776,118th Congress (2023-2024),Help Hoover Dam Act,"Lee, Susie [Rep.-D-NV-3]",03/21/2024,House - Natural Resources,"Placed on the Union Calendar, Calendar No. 681.",12/10/2024,10,,,,,
H.R. 7671,https://www.congress.gov/bill/118th-congress/house-bill/7671,118th Congress (2023-2024),Disaster Management Costs Modernization Act,"Neguse, Joe [Rep.-D-CO-2]",03/13/2024,House - Transportation and Infrastructure,Received in the Senate. Read twice. Placed on Senate Legislative Calendar under General Orders. Calendar No. 692.,12/10/2024,11,,,,,
H.R. 9031,https://www.congress.gov/bill/118th-congress/house-bill/9031,118th Congress (2023-2024),Assurance for Small Business Act of 2024,"Stauber, Pete [Rep.-R-MN-8]",07/15/2024,"House - Small Business, Judiciary","Reported by the Committee on Small Business. H. Rept. 118-853, Part I.",12/10/2024,0,,,,,
H.R. 9033,https://www.congress.gov/bill/118th-congress/house-bill/9033,118th Congress (2023-2024),LABOR Act of 2024,"Bean, Aaron [Rep.-R-FL-4]",07/15/2024,"House - Small Business, Judiciary","Reported by the Committee on Small Business. H. Rept. 118-855, Part I.",12/10/2024,0,,,,,
H.R. 8450,https://www.congress.gov/bill/118th-congress/house-bill/8450,118th Congress (2023-2024),Phosphate and Potash Protection Act of 2024,"Cammack, Kat [Rep.-R-FL-3]",05/17/2024,House - Natural Resources,"Placed on the Union Calendar, Calendar No. 680.",12/10/2024,1,,,,,
H.R. 7072,https://www.congress.gov/bill/118th-congress/house-bill/7072,118th Congress (2023-2024),Wabeno Economic Development Act of 2024,"Tiffany, Thomas P. [Rep.-R-WI-7]",01/22/2024,"House - Natural Resources, Agriculture","Reported (Amended) by the Committee on Natural Resources. H. Rept. 118-829, Part I.",12/10/2024,0,,,,,
H.R. 6482,https://www.congress.gov/bill/118th-congress/house-bill/6482,118th Congress (2023-2024),Enhancing Geothermal Production on Federal Lands Act,"Fulcher, Russ [Rep.-R-ID-1]",11/28/2023,House - Natural Resources,"Placed on the Union Calendar, Calendar No. 678.",12/10/2024,1,,,,,
H.R. 9085,https://www.congress.gov/bill/118th-congress/house-bill/9085,118th Congress (2023-2024),Regulatory Review Improvement Act of 2024,"Meuser, Daniel [Rep.-R-PA-9]",07/22/2024,"House - Small Business, Judiciary","Reported by the Committee on Small Business. H. Rept. 118-856, Part I.",12/10/2024,1,,,,,
H.R. 9030,https://www.congress.gov/bill/118th-congress/house-bill/9030,118th Congress (2023-2024),Regulatory Agenda Clarity Act,"Alford, Mark [Rep.-R-MO-4]",07/15/2024,"House - Small Business, Judiciary","Reported by the Committee on Small Business. H. Rept. 118-852, Part I.",12/10/2024,0,,,,,
H.R. 9032,https://www.congress.gov/bill/118th-congress/house-bill/9032,118th Congress (2023-2024),Enhanced Regulatory Flexibility Assessment Act,"Maloy, Celeste [Rep.-R-UT-2]",07/15/2024,"House - Small Business, Judiciary","Reported by the Committee on Small Business. H. Rept. 118-854, Part I.",12/10/2024,0,,,,,
H.R. 5874,https://www.congress.gov/bill/118th-congress/house-bill/5874,118th Congress (2023-2024),TAAP Act,"Ciscomani, Juan [Rep.-R-AZ-6]",10/03/2023,House - Natural Resources,"Placed on the Union Calendar, Calendar No. 676.",12/10/2024,2,,,,,
H.R. 8704,https://www.congress.gov/bill/118th-congress/house-bill/8704,118th Congress (2023-2024),To require the Secretary of Commerce to establish a grant program to foster enhanced coexistence between ocean users and North Atlantic right whales and other large cetacean species.,"Carter, Earl L. ""Buddy"" [Rep.-R-GA-1]",06/12/2024,"House - Natural Resources, Transportation and Infrastructure","Reported (Amended) by the Committee on Natural Resources. H. Rept. 118-837, Part I.",12/10/2024,10,,,,,
H.R. 6547,https://www.congress.gov/bill/118th-congress/house-bill/6547,118th Congress (2023-2024),Colorado Energy Prosperity Act of 2024,"Boebert, Lauren [Rep.-R-CO-3]",12/01/2023,House - Natural Resources,"Placed on the Union Calendar, Calendar No. 684.",12/10/2024,4,,,,,
H.Res. 1612,https://www.congress.gov/bill/118th-congress/house-resolution/1612,118th Congress (2023-2024),"Providing for consideration of the bill (H.R. 7673) to prohibit the Secretary of Energy from prescribing or enforcing energy conservation standards for clothes washers that are not cost-effective or technologically feasible, and for other purposes; providing for consideration of the bill (S. 4199) to authorize additional district judges for the district courts and convert temporary judgeships; and providing for consideration of the Senate amendment to the bill (H.R. 5009) to reauthorize wildlife habitat and conservation programs, and for other purposes.","Scott, Austin [Rep.-R-GA-8]",12/10/2024,House - Rules,Motion to reconsider laid on the table Agreed to without objection.,12/10/2024,0,,,,,
H.R. 1395,https://www.congress.gov/bill/118th-congress/house-bill/1395,118th Congress (2023-2024),Delaware River Basin Conservation Reauthorization Act of 2024,"Fitzpatrick, Brian K. [Rep.-R-PA-1]",03/07/2023,"House - Natural Resources, Transportation and Infrastructure","Placed on the Union Calendar, Calendar No. 685.",12/10/2024,18,,,,,
H.R. 1647,https://www.congress.gov/bill/118th-congress/house-bill/1647,118th Congress (2023-2024),Salem Maritime National Historical Park Redesignation and Boundary Study Act,"Moulton, Seth [Rep.-D-MA-6]",03/17/2023,House - Natural Resources,"Placed on the Union Calendar, Calendar No. 682.",12/10/2024,0,,,,,
H.R. 3119,https://www.congress.gov/bill/118th-congress/house-bill/3119,118th Congress (2023-2024),To provide for the issuance of a Manatee Semipostal Stamp.,"Soto, Darren [Rep.-D-FL-9]",05/05/2023,"House - Natural Resources, Oversight and Accountability","Reported by the Committee on Natural Resources. H. Rept. 118-836, Part I.",12/10/2024,2,,,,,
H.R. 2892,https://www.congress.gov/bill/118th-congress/house-bill/2892,118th Congress (2023-2024),WARN Act,"Langworthy, Nicholas A. [Rep.-R-NY-23]",04/26/2023,House - Transportation and Infrastructure | Senate - Homeland Security and Governmental Affairs,Received in the Senate and Read twice and referred to the Committee on Homeland Security and Governmental Affairs.,12/10/2024,23,,,,,
H.R. 1437,https://www.congress.gov/bill/118th-congress/house-bill/1437,118th Congress (2023-2024),Black Vulture Relief Act of 2024,"Rose, John W. [Rep.-R-TN-6]",03/08/2023,House - Natural Resources,"Placed on the Union Calendar, Calendar No. 679.",12/10/2024,41,,,,,
H.R. 6085,https://www.congress.gov/bill/118th-congress/house-bill/6085,118th Congress (2023-2024),"To prohibit the implementation of the Draft Resource Management Plan and Environmental Impact Statement for the Rock Springs RMP Revision, Wyoming, and for other purposes.","Hageman, Harriet M. [Rep.-R-WY-At Large]",10/26/2023,House - Natural Resources,"Placed on the Union Calendar, Calendar No. 683.",12/10/2024,1,,,,,
H.R. 2672,https://www.congress.gov/bill/118th-congress/house-bill/2672,118th Congress (2023-2024),FEMA Loan Interest Payment Relief Act,"Dunn, Neal P. [Rep.-R-FL-2]",04/18/2023,House - Transportation and Infrastructure | Senate - Homeland Security and Governmental Affairs,Received in the Senate and Read twice and referred to the Committee on Homeland Security and Governmental Affairs.,12/10/2024,34,,,,,
H.R. 190,https://www.congress.gov/bill/118th-congress/house-bill/190,118th Congress (2023-2024),Saving Gig Economy Taxpayers Act,"Miller, Carol D. [Rep.-R-WV-1]",01/09/2023,House - Ways and Means,"Placed on the Union Calendar, Calendar No. 696.",12/10/2024,48,,,,,
H.R. 7375,https://www.congress.gov/bill/118th-congress/house-bill/7375,118th Congress (2023-2024),Expression of Interest Sensibility Act,"Hageman, Harriet M. [Rep.-R-WY-At Large]",02/15/2024,House - Natural Resources,"Placed on the Union Calendar, Calendar No. 677.",12/10/2024,0,,,,,
H.R. 9541,https://www.congress.gov/bill/118th-congress/house-bill/9541,118th Congress (2023-2024),POWER Act of 2024,"Hoyle, Val T. [Rep.-D-OR-4]",09/11/2024,House - Transportation and Infrastructure | Senate - Homeland Security and Governmental Affairs,Received in the Senate and Read twice and referred to the Committee on Homeland Security and Governmental Affairs.,12/10/2024,1,,,,,
H.R. 8689,https://www.congress.gov/bill/118th-congress/house-bill/8689,118th Congress (2023-2024),Amtrak Executive Bonus Disclosure Act,"Molinaro, Marcus J. [Rep.-R-NY-19]",06/11/2024,"House - Transportation and Infrastructure | Senate - Commerce, Science, and Transportation","Received in the Senate and Read twice and referred to the Committee on Commerce, Science, and Transportation.",12/10/2024,1,,,,,
H.R. 6235,https://www.congress.gov/bill/118th-congress/house-bill/6235,118th Congress (2023-2024),Harmful Algal Bloom and Hypoxia Research and Control Amendments Act of 2023,"Bonamici, Suzanne [Rep.-D-OR-1]",11/06/2023,"House - Natural Resources, Science, Space, and Technology","Reported (Amended) by the Committee on Natural Resources. H. Rept. 118-828, Part I.",12/10/2024,5,,,,,
H.R. 7219,https://www.congress.gov/bill/118th-congress/house-bill/7219,118th Congress (2023-2024),Information Quality Assurance Act,"McClain, Lisa C. [Rep.-R-MI-9]",02/05/2024,"House - Oversight and Accountability, Judiciary | Senate - Homeland Security and Governmental Affairs",Placed on Senate Legislative Calendar under General Orders. Calendar No. 687.,12/09/2024,1,,,,,
H.R. 7198,https://www.congress.gov/bill/118th-congress/house-bill/7198,118th Congress (2023-2024),Prove It Act of 2024,"Finstad, Brad [Rep.-R-MN-1]",02/01/2024,"House - Judiciary, Small Business",Received in the Senate.,12/09/2024,17,,,,,
H.R. 5349,https://www.congress.gov/bill/118th-congress/house-bill/5349,118th Congress (2023-2024),Crucial Communism Teaching Act,"Salazar, Maria Elvira [Rep.-R-FL-27]",09/05/2023,"House - Education and the Workforce | Senate - Health, Education, Labor, and Pensions","Received in the Senate and Read twice and referred to the Committee on Health, Education, Labor, and Pensions.",12/09/2024,33,,,,,
H.R. 5523,https://www.congress.gov/bill/118th-congress/house-bill/5523,118th Congress (2023-2024),Financial Access Improvements Act,"Waters, Maxine [Rep.-D-CA-43]",09/18/2023,"House - Financial Services, Foreign Affairs","Reported (Amended) by the Committee on Financial Services. H. Rept. 118-805, Part I.",12/05/2024,0,,,,,
H.R. 9591,https://www.congress.gov/bill/118th-congress/house-bill/9591,118th Congress (2023-2024),"To require the Administrator of General Services to sell certain property related to United States Penitentiary, Leavenworth, and for other purposes.","Graves, Sam [Rep.-R-MO-6]",09/16/2024,House - Transportation and Infrastructure,"Placed on the Union Calendar, Calendar No. 662.",12/05/2024,0,,,,,
H.R. 760,https://www.congress.gov/bill/118th-congress/house-bill/760,118th Congress (2023-2024),Chinese Military and Surveillance Company Sanctions Act of 2023,"Barr, Andy [Rep.-R-KY-6]",02/02/2023,"House - Financial Services, Foreign Affairs","Reported (Amended) by the Committee on Financial Services. H. Rept. 118-804, Part I.",12/05/2024,7,,,,,
H.R. 9024,https://www.congress.gov/bill/118th-congress/house-bill/9024,118th Congress (2023-2024),Extreme Weather and Heat Response Modernization Act,"Titus, Dina [Rep.-D-NV-1]",07/11/2024,House - Transportation and Infrastructure,"Placed on the Union Calendar, Calendar No. 665.",12/05/2024,2,,,,,
H.R. 9750,https://www.congress.gov/bill/118th-congress/house-bill/9750,118th Congress (2023-2024),Natural Disaster Recovery Program Act of 2024,"Rouzer, David [Rep.-R-NC-7]",09/23/2024,House - Transportation and Infrastructure,"Placed on the Union Calendar, Calendar No. 663.",12/05/2024,3,,,,,
H.R. 9749,https://www.congress.gov/bill/118th-congress/house-bill/9749,118th Congress (2023-2024),"To amend the Homeland Security Act of 2002 to abolish the reorganization authority of the Department of Homeland Security, and for other purposes.","Bishop, Dan [Rep.-R-NC-8]",09/23/2024,House - Homeland Security,"Placed on the Union Calendar, Calendar No. 671.",12/05/2024,1,,,,,
H.R. 7480,https://www.congress.gov/bill/118th-congress/house-bill/7480,118th Congress (2023-2024),Disabled Veterans Housing Support Act,"De La Cruz, Monica [Rep.-R-TX-15]",02/29/2024,"House - Financial Services | Senate - Banking, Housing, and Urban Affairs","Received in the Senate and Read twice and referred to the Committee on Banking, Housing, and Urban Affairs.",12/05/2024,20,,,,,
H.R. 9121,https://www.congress.gov/bill/118th-congress/house-bill/9121,118th Congress (2023-2024),Fire Management Assistance Grants for Tribal Governments Act,"Davids, Sharice [Rep.-D-KS-3]",07/24/2024,House - Transportation and Infrastructure,"Placed on the Union Calendar, Calendar No. 668.",12/05/2024,1,,,,,
H.R. 6083,https://www.congress.gov/bill/118th-congress/house-bill/6083,118th Congress (2023-2024),Duplications of Benefits Victims Relief Act,"Graves, Garret [Rep.-R-LA-6]",10/26/2023,House - Transportation and Infrastructure,"Placed on the Union Calendar, Calendar No. 661.",12/05/2024,3,,,,,
H.R. 1165,https://www.congress.gov/bill/118th-congress/house-bill/1165,118th Congress (2023-2024),Data Privacy Act of 2023,"McHenry, Patrick T. [Rep.-R-NC-10]",02/24/2023,House - Financial Services,"Placed on the Union Calendar, Calendar No. 673.",12/05/2024,0,,,,,
H.R. 5557,https://www.congress.gov/bill/118th-congress/house-bill/5557,118th Congress (2023-2024),Combatting Foreign Surveillance Spyware Sanctions Act,"Himes, James A. [Rep.-D-CT-4]",09/19/2023,"House - Financial Services, Foreign Affairs, Judiciary","Reported (Amended) by the Committee on Financial Services. H. Rept. 118-802, Part I.",12/05/2024,1,,,,,
H.R. 3284,https://www.congress.gov/bill/118th-congress/house-bill/3284,118th Congress (2023-2024),Providers and Payers COMPETE Act,"Burgess, Michael C. [Rep.-R-TX-26]",05/15/2023,"House - Energy and Commerce, Ways and Means","Placed on the Union Calendar, Calendar No. 672.",12/05/2024,4,,,,,
H.R. 390,https://www.congress.gov/bill/118th-congress/house-bill/390,118th Congress (2023-2024),Maurice D. Hinchey Hudson River Valley National Heritage Area Enhancement Act,"Stefanik, Elise M. [Rep.-R-NY-21]",01/17/2023,House - Natural Resources | Senate - Energy and Natural Resources,Received in the Senate and Read twice and referred to the Committee on Energy and Natural Resources.,12/05/2024,1,,,,,
H.R. 8530,https://www.congress.gov/bill/118th-congress/house-bill/8530,118th Congress (2023-2024),Improving Federal Building Security Act of 2024,"Ezell, Mike [Rep.-R-MS-4]",05/23/2024,House - Transportation and Infrastructure,"Placed on the Union Calendar, Calendar No. 669.",12/05/2024,1,,,,,
H.R. 6984,https://www.congress.gov/bill/118th-congress/house-bill/6984,118th Congress (2023-2024),"To designate the Federal building located at 300 E. 3rd Street in North Platte, Nebraska, as the ""Virginia Smith Federal Building"", and for other purposes.","Smith, Adrian [Rep.-R-NE-3]",01/11/2024,House - Transportation and Infrastructure,"Placed on the House Calendar, Calendar No. 98.",12/05/2024,2,,,,,
H.R. 8728,https://www.congress.gov/bill/118th-congress/house-bill/8728,118th Congress (2023-2024),State-Managed Disaster Relief Act,"Graves, Garret [Rep.-R-LA-6]",06/13/2024,House - Transportation and Infrastructure,"Placed on the Union Calendar, Calendar No. 667.",12/05/2024,4,,,,,
H.R. 6435,https://www.congress.gov/bill/118th-congress/house-bill/6435,118th Congress (2023-2024),MALDEN Act,"McMorris Rodgers, Cathy [Rep.-R-WA-5]",11/15/2023,House - Transportation and Infrastructure,"Placed on the Union Calendar, Calendar No. 670.",12/05/2024,3,,,,,
H.R. 9313,https://www.congress.gov/bill/118th-congress/house-bill/9313,118th Congress (2023-2024),Think Differently About Building Accessibility Act,"Molinaro, Marcus J. [Rep.-R-NY-19]",08/06/2024,House - Transportation and Infrastructure,"Placed on the Union Calendar, Calendar No. 659.",12/05/2024,1,,,,,
H.R. 9037,https://www.congress.gov/bill/118th-congress/house-bill/9037,118th Congress (2023-2024),Federal Emergency Mobilization Accountability (FEMA) Workforce Planning Act,"Carter, Troy A. [Rep.-D-LA-2]",07/15/2024,House - Transportation and Infrastructure,"Placed on the Union Calendar, Calendar No. 664.",12/05/2024,2,,,,,
H.R. 9151,https://www.congress.gov/bill/118th-congress/house-bill/9151,118th Congress (2023-2024),Protecting American Industry and Labor from International Trade Crimes Act of 2024,"Hinson, Ashley [Rep.-R-IA-2]",07/25/2024,House - Judiciary | Senate - Judiciary,Received in the Senate and Read twice and referred to the Committee on the Judiciary.,12/04/2024,25,,,,,
H.Res. 1602,https://www.congress.gov/bill/118th-congress/house-resolution/1602,118th Congress (2023-2024),"Providing for consideration of the bill (H.R. 5349) to develop and disseminate a civic education curriculum and oral history resources regarding certain political ideologies, and for other purposes, and providing for consideration of the bill (H.R. 7198) to amend title 5, United States Code, to require greater transparency for Federal regulatory decisions that impact small businesses, and for other purposes.","Burgess, Michael C. [Rep.-R-TX-26]",12/03/2024,House - Rules,Motion to reconsider laid on the table Agreed to without objection.,12/04/2024,0,,,,,
H.R. 6862,https://www.congress.gov/bill/118th-congress/house-bill/6862,118th Congress (2023-2024),Mineral Mining Parity Act,"Lamborn, Doug [Rep.-R-CO-5]",12/19/2023,House - Natural Resources,"Placed on the Union Calendar, Calendar No. 655.",12/04/2024,4,,,,,
H.R. 7440,https://www.congress.gov/bill/118th-congress/house-bill/7440,118th Congress (2023-2024),Financial Services Innovation Act of 2024,"McHenry, Patrick T. [Rep.-R-NC-10]",02/23/2024,House - Financial Services,"Placed on the Union Calendar, Calendar No. 654.",12/04/2024,2,,,,,
H.R. 5623,https://www.congress.gov/bill/118th-congress/house-bill/5623,118th Congress (2023-2024),Addressing Addiction After Disasters Act,"Balint, Becca [Rep.-D-VT-At Large]",09/21/2023,House - Transportation and Infrastructure,"Placed on the Union Calendar, Calendar No. 658.",12/04/2024,22,,,,,
H.R. 8338,https://www.congress.gov/bill/118th-congress/house-bill/8338,118th Congress (2023-2024),Clarity in Lending Act,"Kim, Young [Rep.-R-CA-40]",05/10/2024,House - Financial Services,"Placed on the Union Calendar, Calendar No. 652.",12/03/2024,1,,,,,
H.R. 7428,https://www.congress.gov/bill/118th-congress/house-bill/7428,118th Congress (2023-2024),Earned Wage Access Consumer Protection Act,"Steil, Bryan [Rep.-R-WI-1]",02/20/2024,House - Financial Services,"Placed on the Union Calendar, Calendar No. 650.",12/03/2024,6,,,,,
H.J.Res. 120,https://www.congress.gov/bill/118th-congress/house-joint-resolution/120,118th Congress (2023-2024),"Providing for congressional disapproval under chapter 8 of title 5, United States Code, of the rule submitted by the Financial Stability Oversight Council related to ""Guidance on Nonbank Financial Company Determinations"".","Hill, J. French [Rep.-R-AR-2]",03/22/2024,House - Financial Services,"Placed on the Union Calendar, Calendar No. 653.",12/03/2024,10,,,,,
H.R. 758,https://www.congress.gov/bill/118th-congress/house-bill/758,118th Congress (2023-2024),Promoting Access to Capital in Underbanked Communities Act of 2023,"Barr, Andy [Rep.-R-KY-6]",02/02/2023,House - Financial Services,"Placed on the Union Calendar, Calendar No. 649.",12/03/2024,17,,,,,
H.R. 8337,https://www.congress.gov/bill/118th-congress/house-bill/8337,118th Congress (2023-2024),Bank Resilience and Regulatory Improvement Act,"Barr, Andy [Rep.-R-KY-6]",05/10/2024,House - Financial Services,"Placed on the Union Calendar, Calendar No. 651.",12/03/2024,1,,,,,
H.R. 9495,https://www.congress.gov/bill/118th-congress/house-bill/9495,118th Congress (2023-2024),Stop Terror-Financing and Tax Penalties on American Hostages Act,"Tenney, Claudia [Rep.-R-NY-24]",09/09/2024,House - Ways and Means,Received in the Senate.,12/02/2024,4,,,,,
H.R. 4403,https://www.congress.gov/bill/118th-congress/house-bill/4403,118th Congress (2023-2024),Securing the Cities Improvement Act,"Carter, Troy [Rep.-D-LA-2]",06/30/2023,House - Homeland Security | Senate - Homeland Security and Governmental Affairs,Placed on Senate Legislative Calendar under General Orders. Calendar No. 657.,12/02/2024,2,,,,,
H.R. 1505,https://www.congress.gov/bill/118th-congress/house-bill/1505,118th Congress (2023-2024),No Stolen Trademarks Honored in America Act of 2023,"Issa, Darrell E. [Rep.-R-CA-48]",03/09/2023,House - Judiciary | Senate - Judiciary,Became Public Law No: 118-137.,12/01/2024,18,,,,,
H.R. 8339,https://www.congress.gov/bill/118th-congress/house-bill/8339,118th Congress (2023-2024),SEC Reform and Restructuring Act,"Wagner, Ann [Rep.-R-MO-2]",05/10/2024,House - Financial Services,"Placed on the Union Calendar, Calendar No. 647.",11/29/2024,1,,,,,
H.R. 6140,https://www.congress.gov/bill/118th-congress/house-bill/6140,118th Congress (2023-2024),FAST PASS Act,"Ezell, Mike [Rep.-R-MS-4]",11/01/2023,House - Transportation and Infrastructure,"Placed on the Union Calendar, Calendar No. 644.",11/26/2024,7,,,,,
H.R. 5903,https://www.congress.gov/bill/118th-congress/house-bill/5903,118th Congress (2023-2024),"To authorize the International Boundary and Water Commission to accept funds for activities relating to wastewater treatment and flood control works, and for other purposes.","Napolitano, Grace F. [Rep.-D-CA-31]",10/06/2023,House - Transportation and Infrastructure,"Placed on the Union Calendar, Calendar No. 642.",11/26/2024,5,,,,,
H.R. 7233,https://www.congress.gov/bill/118th-congress/house-bill/7233,118th Congress (2023-2024),Jenna Quinn Law of 2024,"Moran, Nathaniel [Rep.-R-TX-1]",02/05/2024,House - Education and the Workforce,"Placed on the Union Calendar, Calendar No. 633.",11/26/2024,8,,,,,
H.R. 6241,https://www.congress.gov/bill/118th-congress/house-bill/6241,118th Congress (2023-2024),FULL Act,"Edwards, Chuck [Rep.-R-NC-11]",11/06/2023,House - Transportation and Infrastructure,"Placed on the Union Calendar, Calendar No. 643.",11/26/2024,1,,,,,
H.R. 1500,https://www.congress.gov/bill/118th-congress/house-bill/1500,118th Congress (2023-2024),Intelligent Transportation Integration Act,"Graves, Garret [Rep.-R-LA-6]",03/09/2023,House - Transportation and Infrastructure,"Placed on the Union Calendar, Calendar No. 638.",11/26/2024,2,,,,,
H.Res. 609,https://www.congress.gov/bill/118th-congress/house-resolution/609,118th Congress (2023-2024),Expressing opposition to Central Business District Tolling Program of New York City.,"D'Esposito, Anthony [Rep.-R-NY-4]",07/24/2023,House - Transportation and Infrastructure,"Placed on the House Calendar, Calendar No. 96.",11/26/2024,11,,,,,
H.R. 915,https://www.congress.gov/bill/118th-congress/house-bill/915,118th Congress (2023-2024),Motor Carrier Safety Selection Standard Act,"Gallagher, Mike [Rep.-R-WI-8]",02/09/2023,House - Transportation and Infrastructure,"Placed on the Union Calendar, Calendar No. 639.",11/26/2024,20,,,,,
H.R. 3318,https://www.congress.gov/bill/118th-congress/house-bill/3318,118th Congress (2023-2024),"To amend title 23, United States Code, to establish an axle weight tolerance for certain commercial motor vehicles transporting dry bulk goods, and for other purposes.","Crawford, Eric A. ""Rick"" [Rep.-R-AR-1]",05/15/2023,House - Transportation and Infrastructure,"Placed on the Union Calendar, Calendar No. 634.",11/26/2024,6,,,,,
H.R. 3149,https://www.congress.gov/bill/118th-congress/house-bill/3149,118th Congress (2023-2024),"To designate United States Route 20 in the States of Oregon, Idaho, Montana, Wyoming, Nebraska, Iowa, Illinois, Indiana, Ohio, Pennsylvania, New York, and Massachusetts as the ""National Medal of Honor Highway"", and for other purposes.","Kelly, Mike [Rep.-R-PA-16]",05/09/2023,House - Transportation and Infrastructure,"Placed on the Union Calendar, Calendar No. 646.",11/26/2024,13,,,,,
H.R. 3365,https://www.congress.gov/bill/118th-congress/house-bill/3365,118th Congress (2023-2024),Supply Chain Improvement Act,"Duarte, John S. [Rep.-R-CA-13]",05/16/2023,House - Transportation and Infrastructure,"Placed on the Union Calendar, Calendar No. 635.",11/26/2024,2,,,,,
H.R. 6997,https://www.congress.gov/bill/118th-congress/house-bill/6997,118th Congress (2023-2024),Disaster Contract Improvement Act,"LaLota, Nick [Rep.-R-NY-1]",01/16/2024,House - Transportation and Infrastructure,"Placed on the Union Calendar, Calendar No. 641.",11/26/2024,3,,,,,
H.R. 7777,https://www.congress.gov/bill/118th-congress/house-bill/7777,118th Congress (2023-2024),Veterans’ Compensation Cost-of-Living Adjustment Act of 2024,"Luttrell, Morgan [Rep.-R-TX-8]",03/21/2024,House - Veterans' Affairs,Became Public Law No: 118-130.,11/25/2024,1,,,,,
H.R. 5861,https://www.congress.gov/bill/118th-congress/house-bill/5861,118th Congress (2023-2024),BRIDGE for Workers Act,"LaHood, Darin [Rep.-R-IL-16]",10/02/2023,House - Ways and Means | Senate - Finance,Became Public Law No: 118-120.,11/25/2024,1,,,,,
H.R. 5490,https://www.congress.gov/bill/118th-congress/house-bill/5490,118th Congress (2023-2024),Bolstering Ecosystems Against Coastal Harm Act,"Kiggans, Jennifer A [Rep.-R-VA-2]",09/14/2023,House - Natural Resources,Became Public Law No: 118-117.,11/25/2024,1,,,,,
H.R. 6249,https://www.congress.gov/bill/118th-congress/house-bill/6249,118th Congress (2023-2024),Think Differently About Emergencies Act,"Molinaro, Marcus J. [Rep.-R-NY-19]",11/06/2023,House - Transportation and Infrastructure | Senate - Homeland Security and Governmental Affairs,Became Public Law No: 118-123.,11/25/2024,10,,,,,
H.R. 4190,https://www.congress.gov/bill/118th-congress/house-bill/4190,118th Congress (2023-2024),Restoring Benefits to Defrauded Veterans Act,"Trone, David J. [Rep.-D-MD-6]",06/15/2023,House - Veterans' Affairs,Became Public Law No: 118-114.,11/25/2024,4,,,,,
H.R. 6324,https://www.congress.gov/bill/118th-congress/house-bill/6324,118th Congress (2023-2024),Fiscal Year 2024 Veterans Affairs Major Medical Facility Authorization Act,"Bost, Mike [Rep.-R-IL-12]",11/09/2023,House - Veterans' Affairs,Became Public Law No: 118-124.,11/25/2024,1,,,,,
H.R. 7227,https://www.congress.gov/bill/118th-congress/house-bill/7227,118th Congress (2023-2024),Truth and Healing Commission on Indian Boarding School Policies Act of 2024,"Davids, Sharice [Rep.-D-KS-3]",02/05/2024,"House - Education and the Workforce, Natural Resources, Energy and Commerce","Placed on the Union Calendar, Calendar No. 630.",11/22/2024,80,,,,,
H.R. 7189,https://www.congress.gov/bill/118th-congress/house-bill/7189,118th Congress (2023-2024),Congenital Heart Futures Reauthorization Act of 2024,"Bilirakis, Gus M. [Rep.-R-FL-12]",02/01/2024,House - Energy and Commerce,Became Public Law No: 118-107.,11/21/2024,5,,,,,
H.R. 3448,https://www.congress.gov/bill/118th-congress/house-bill/3448,118th Congress (2023-2024),American Battlefield Protection Program Enhancement Act of 2023,"Stefanik, Elise M. [Rep.-R-NY-21]",05/17/2023,House - Natural Resources | Senate - Energy and Natural Resources,Placed on Senate Legislative Calendar under General Orders. Calendar No. 647.,11/21/2024,54,,,,,
H.R. 359,https://www.congress.gov/bill/118th-congress/house-bill/359,118th Congress (2023-2024),Fort San Gerónimo Preservation Act,"González-Colón, Jenniffer [Resident Commissioner-R-PR-At Large]",01/13/2023,House - Natural Resources | Senate - Energy and Natural Resources,Placed on Senate Legislative Calendar under General Orders. Calendar No. 646.,11/21/2024,1,,,,,
H.R. 1449,https://www.congress.gov/bill/118th-congress/house-bill/1449,118th Congress (2023-2024),CLEAN Act,"Fulcher, Russ [Rep.-R-ID-1]",03/08/2023,House - Natural Resources | Senate - Energy and Natural Resources,Received in the Senate and Read twice and referred to the Committee on Energy and Natural Resources.,11/20/2024,0,,,,,
H.R. 3887,https://www.congress.gov/bill/118th-congress/house-bill/3887,118th Congress (2023-2024),Children’s Hospital GME Support Reauthorization Act of 2023,"Crenshaw, Dan [Rep.-R-TX-2]",06/07/2023,House - Energy and Commerce,"Placed on the Union Calendar, Calendar No. 629.",11/20/2024,32,,,,,
H.R. 3290,https://www.congress.gov/bill/118th-congress/house-bill/3290,118th Congress (2023-2024),340B Transparency Act,"Bucshon, Larry [Rep.-R-IN-8]",05/15/2023,House - Energy and Commerce,"Placed on the Union Calendar, Calendar No. 628.",11/20/2024,0,,,,,
H.Res. 1576,https://www.congress.gov/bill/118th-congress/house-resolution/1576,118th Congress (2023-2024),"Providing for consideration of the bill (H.R. 1449) to amend the Geothermal Steam Act of 1970 to increase the frequency of lease sales, to require replacement sales, and for other purposes, and providing for consideration of the bill (H.R. 9495) to amend the Internal Revenue Code of 1986 to postpone tax deadlines and reimburse paid late fees for United States nationals who are unlawfully or wrongfully detained or held hostage abroad, to terminate the tax-exempt status of terrorist supporting organizations, and for other purposes.","Fischbach, Michelle [Rep.-R-MN-7]",11/18/2024,House - Rules,Motion to reconsider laid on the table Agreed to without objection.,11/19/2024,0,,,,,
H.R. 4529,https://www.congress.gov/bill/118th-congress/house-bill/4529,118th Congress (2023-2024),Public Health Guidance Transparency and Accountability Act of 2023,"McMorris Rodgers, Cathy [Rep.-R-WA-5]",07/11/2023,House - Energy and Commerce,"Placed on the Union Calendar, Calendar No. 627.",11/19/2024,1,,,,,
H.R. 8446,https://www.congress.gov/bill/118th-congress/house-bill/8446,118th Congress (2023-2024),Critical Mineral Consistency Act of 2024,"Ciscomani, Juan [Rep.-R-AZ-6]",05/17/2024,House - Natural Resources | Senate - Energy and Natural Resources,Received in the Senate and Read twice and referred to the Committee on Energy and Natural Resources.,11/18/2024,5,,,,,
H.R. 7409,https://www.congress.gov/bill/118th-congress/house-bill/7409,118th Congress (2023-2024),HEATS Act,"Kim, Young [Rep.-R-CA-40]",02/20/2024,House - Natural Resources | Senate - Energy and Natural Resources,Received in the Senate and Read twice and referred to the Committee on Energy and Natural Resources.,11/18/2024,2,,,,,
H.R. 8449,https://www.congress.gov/bill/118th-congress/house-bill/8449,118th Congress (2023-2024),AM Radio for Every Vehicle Act of 2024,"Bilirakis, Gus M. [Rep.-R-FL-12]",05/17/2024,"House - Energy and Commerce, Transportation and Infrastructure, Homeland Security","Placed on the Union Calendar, Calendar No. 625.",11/18/2024,1,,,,,
H.R. 6951,https://www.congress.gov/bill/118th-congress/house-bill/6951,118th Congress (2023-2024),College Cost Reduction Act,"Foxx, Virginia [Rep.-R-NC-5]",01/11/2024,House - Education and the Workforce,"Placed on the Union Calendar, Calendar No. 624.",11/18/2024,153,,,,,
H.R. 6107,https://www.congress.gov/bill/118th-congress/house-bill/6107,118th Congress (2023-2024),Urban Canal Modernization Act,"Simpson, Michael K. [Rep.-R-ID-2]",10/26/2023,House - Natural Resources,"Placed on the Union Calendar, Calendar No. 619.",11/14/2024,2,,,,,
H.Res. 1568,https://www.congress.gov/bill/118th-congress/house-resolution/1568,118th Congress (2023-2024),"Providing for consideration of the bill (H.R. 8932) to establish an earlier application processing cycle for the FAFSA; providing for consideration of the bill (H.R. 7409) to amend the Geothermal Steam Act of 1970 to waive the requirement for a Federal drilling permit for certain activities, to exempt certain activities from the requirements of the National Environmental Policy Act of 1969, and for other purposes; and providing for consideration of the bill (H.R. 8446) to amend the Energy Act of 2020 to include critical materials in the definition of critical mineral, and for other purposes.","Burgess, Michael C. [Rep.-R-TX-26]",11/12/2024,House - Rules,Motion to reconsider laid on the table Agreed to without objection.,11/13/2024,0,,,,,
H.R. 8205,https://www.congress.gov/bill/118th-congress/house-bill/8205,118th Congress (2023-2024),Keeping Violent Offenders Off Our Streets Act,"Fitzgerald, Scott [Rep.-R-WI-5]",05/01/2024,House - Judiciary | Senate - Judiciary,Received in the Senate and Read twice and referred to the Committee on the Judiciary.,11/12/2024,5,,,,,
H.R. 8790,https://www.congress.gov/bill/118th-congress/house-bill/8790,118th Congress (2023-2024),Fix Our Forests Act,"Westerman, Bruce [Rep.-R-AR-4]",06/18/2024,"House - Natural Resources, Agriculture, Science, Space, and Technology | Senate - Agriculture, Nutrition, and Forestry","Received in the Senate and Read twice and referred to the Committee on Agriculture, Nutrition, and Forestry.",11/12/2024,23,,,,,
H.R. 6174,https://www.congress.gov/bill/118th-congress/house-bill/6174,118th Congress (2023-2024),DHS Biodetection Improvement Act,"Strong, Dale W. [Rep.-R-AL-5]",11/02/2023,House - Homeland Security | Senate - Homeland Security and Governmental Affairs,Placed on Senate Legislative Calendar under General Orders. Calendar No. 552.,11/12/2024,4,,,,,
H.R. 3334,https://www.congress.gov/bill/118th-congress/house-bill/3334,118th Congress (2023-2024),STOP CCP Act,"McClain, Lisa C. [Rep.-R-MI-9]",05/15/2023,"House - Foreign Affairs, Judiciary | Senate - Foreign Relations",Received in the Senate and Read twice and referred to the Committee on Foreign Relations.,11/12/2024,9,,,,,
H.J.Res. 100,https://www.congress.gov/bill/118th-congress/house-joint-resolution/100,118th Congress (2023-2024),"Providing for congressional disapproval under chapter 8 of title 5, United States Code, of the rule submitted by the Securities and Exchange Commission relating to ""Cybersecurity Risk Management, Strategy, Governance, and Incident Disclosure"".","Garbarino, Andrew R. [Rep.-R-NY-2]",11/09/2023,House - Financial Services,"Placed on the Union Calendar, Calendar No. 614.",11/01/2024,6,,,,,
H.R. 7437,https://www.congress.gov/bill/118th-congress/house-bill/7437,118th Congress (2023-2024),Fostering the Use of Technology to Uphold Regulatory Effectiveness in Supervision Act,"Houchin, Erin [Rep.-R-IN-9]",02/23/2024,House - Financial Services,"Placed on the Union Calendar, Calendar No. 615.",11/01/2024,3,,,,,
H.R. 8340,https://www.congress.gov/bill/118th-congress/house-bill/8340,118th Congress (2023-2024),Housing Unhoused Disabled Veterans Act,"Sherman, Brad [Rep.-D-CA-32]",05/10/2024,House - Financial Services,"Placed on the Union Calendar, Calendar No. 613.",11/01/2024,101,,,,,
H.R. 4551,https://www.congress.gov/bill/118th-congress/house-bill/4551,118th Congress (2023-2024),Protecting Investors’ Personally Identifiable Information Act,"Loudermilk, Barry [Rep.-R-GA-11]",07/11/2023,House - Financial Services,"Placed on the Union Calendar, Calendar No. 611.",11/01/2024,14,,,,,
H.R. 4206,https://www.congress.gov/bill/118th-congress/house-bill/4206,118th Congress (2023-2024),Bank Safety Act of 2024,"Sherman, Brad [Rep.-D-CA-32]",06/20/2023,House - Financial Services,"Placed on the Union Calendar, Calendar No. 612.",11/01/2024,1,,,,,
H.R. 4524,https://www.congress.gov/bill/118th-congress/house-bill/4524,118th Congress (2023-2024),Parity for Tribal Law Enforcement Act,"Newhouse, Dan [Rep.-R-WA-4]",07/10/2023,"House - Natural Resources, Judiciary","Reported (Amended) by the Committee on Natural Resources. H. Rept. 118-718, Part I.",10/25/2024,19,,,,,
H.R. 2437,https://www.congress.gov/bill/118th-congress/house-bill/2437,118th Congress (2023-2024),Town of North Topsail Beach Coastal Barrier Resources System Map Amendment,"Murphy, Gregory F. [Rep.-R-NC-3]",03/30/2023,House - Natural Resources,"Placed on the Union Calendar, Calendar No. 608.",10/25/2024,1,,,,,
H.R. 4297,https://www.congress.gov/bill/118th-congress/house-bill/4297,118th Congress (2023-2024),Bolts Ditch Act,"Neguse, Joe [Rep.-D-CO-2]",06/22/2023,House - Natural Resources,"Placed on the Union Calendar, Calendar No. 607.",10/25/2024,2,,,,,
H.R. 4587,https://www.congress.gov/bill/118th-congress/house-bill/4587,118th Congress (2023-2024),Red Snapper Act,"Rutherford, John H. [Rep.-R-FL-5]",07/12/2023,House - Natural Resources,"Placed on the Union Calendar, Calendar No. 606.",10/25/2024,17,,,,,
H.R. 6008,https://www.congress.gov/bill/118th-congress/house-bill/6008,118th Congress (2023-2024),R.I.C.E.’s Whale Act,"Graves, Garret [Rep.-R-LA-6]",10/20/2023,House - Natural Resources,"Placed on the Union Calendar, Calendar No. 605.",10/25/2024,3,,,,,
H.R. 4141,https://www.congress.gov/bill/118th-congress/house-bill/4141,118th Congress (2023-2024),"To provide that certain communications projects are not subject to requirements to prepare certain environmental or historical preservation reviews, and for other purposes.","Fulcher, Russ [Rep.-R-ID-1]",06/15/2023,"House - Natural Resources, Energy and Commerce","Reported (Amended) by the Committee on Natural Resources. H. Rept. 118-713, Part I.",10/22/2024,0,,,,,
H.R. 1314,https://www.congress.gov/bill/118th-congress/house-bill/1314,118th Congress (2023-2024),LODGE Act,"Moore, Blake D. [Rep.-R-UT-1]",03/01/2023,House - Natural Resources,"Placed on the Union Calendar, Calendar No. 604.",10/22/2024,4,,,,,
H.R. 1786,https://www.congress.gov/bill/118th-congress/house-bill/1786,118th Congress (2023-2024),GROW Act,"Levin, Mike [Rep.-D-CA-49]",03/24/2023,"House - Natural Resources, Veterans' Affairs","Reported by the Committee on Natural Resources. H. Rept. 118-715, Part I.",10/22/2024,1,,,,,
H.R. 3675,https://www.congress.gov/bill/118th-congress/house-bill/3675,118th Congress (2023-2024),Western Water Accelerated Revenue Repayment Act,"Boebert, Lauren [Rep.-R-CO-3]",05/25/2023,House - Natural Resources,"Placed on the Union Calendar, Calendar No. 603.",10/22/2024,9,,,,,
H.R. 3499,https://www.congress.gov/bill/118th-congress/house-bill/3499,118th Congress (2023-2024),Direct Hire To Fight Fires,"Issa, Darrell E. [Rep.-R-CA-48]",05/18/2023,"House - Natural Resources, Oversight and Accountability, Agriculture","Reported (Amended) by the Committee on Natural Resources. H. Rept. 118-714, Part I.",10/22/2024,3,,,,,
H.R. 9462,https://www.congress.gov/bill/118th-congress/house-bill/9462,118th Congress (2023-2024),Educational Choice for Children Act of 2024,"Smith, Adrian [Rep.-R-NE-3]",09/06/2024,"House - Ways and Means, Education and the Workforce","Placed on the Union Calendar, Calendar No. 600.",10/04/2024,23,,,,,
H.R. 6513,https://www.congress.gov/bill/118th-congress/house-bill/6513,118th Congress (2023-2024),COCOA Act of 2024,"Carey, Mike [Rep.-R-OH-15]",11/30/2023,House - House Administration | Senate - Rules and Administration,Became Public Law No: 118-106.,10/04/2024,2,,,,,
H.R. 736,https://www.congress.gov/bill/118th-congress/house-bill/736,118th Congress (2023-2024),PROTECT Kids Act,"Walberg, Tim [Rep.-R-MI-5]",02/01/2023,House - Education and the Workforce,"Placed on the Union Calendar, Calendar No. 599.",10/01/2024,8,,,,,
H.R. 7032,https://www.congress.gov/bill/118th-congress/house-bill/7032,118th Congress (2023-2024),Congressional Budget Office Data Sharing Act,"Boyle, Brendan F. [Rep.-D-PA-2]",01/18/2024,House - Budget,Became Public Law No: 118-89.,09/30/2024,34,,,,,
H.R. 7073,https://www.congress.gov/bill/118th-congress/house-bill/7073,118th Congress (2023-2024),Next Generation Pipelines Research and Development Act,"Weber, Randy K., Sr. [Rep.-R-TX-14]",01/22/2024,"House - Science, Space, and Technology | Senate - Energy and Natural Resources",Received in the Senate and Read twice and referred to the Committee on Energy and Natural Resources.,09/25/2024,4,,,,,
H.R. 4259,https://www.congress.gov/bill/118th-congress/house-bill/4259,118th Congress (2023-2024),Think Differently about Education Act of 2023,"Molinaro, Marcus J. [Rep.-R-NY-19]",06/21/2023,"House - Education and the Workforce | Senate - Health, Education, Labor, and Pensions","Received in the Senate and Read twice and referred to the Committee on Health, Education, Labor, and Pensions.",09/25/2024,7,,,,,
H.R. 7323,https://www.congress.gov/bill/118th-congress/house-bill/7323,118th Congress (2023-2024),Montgomery GI Bill Selected Reserves Tuition Fairness Act of 2024,"Van Orden, Derrick [Rep.-R-WI-3]",02/13/2024,"House - Veterans' Affairs, Armed Services | Senate - Veterans' Affairs",Received in the Senate and Read twice and referred to the Committee on Veterans' Affairs.,09/25/2024,1,,,,,
H.R. 7422,https://www.congress.gov/bill/118th-congress/house-bill/7422,118th Congress (2023-2024),Geothermal Cost-Recovery Authority Act of 2024,"Ocasio-Cortez, Alexandria [Rep.-D-NY-14]",02/20/2024,House - Natural Resources | Senate - Energy and Natural Resources,Received in the Senate and Read twice and referred to the Committee on Energy and Natural Resources.,09/25/2024,0,,,,,
H.R. 7370,https://www.congress.gov/bill/118th-congress/house-bill/7370,118th Congress (2023-2024),GEO Act,"Curtis, John R. [Rep.-R-UT-3]",02/15/2024,House - Natural Resources | Senate - Energy and Natural Resources,Received in the Senate and Read twice and referred to the Committee on Energy and Natural Resources.,09/25/2024,0,,,,,
H.R. 1657,https://www.congress.gov/bill/118th-congress/house-bill/1657,118th Congress (2023-2024),Lake Winnibigoshish Land Exchange Act of 2024,"Stauber, Pete [Rep.-R-MN-8]",03/17/2023,"House - Natural Resources | Senate - Agriculture, Nutrition, and Forestry","Received in the Senate and Read twice and referred to the Committee on Agriculture, Nutrition, and Forestry.",09/25/2024,4,,,,,
H.R. 1726,https://www.congress.gov/bill/118th-congress/house-bill/1726,118th Congress (2023-2024),Continued Rapid Ohia Death Response Act of 2023,"Tokuda, Jill N. [Rep.-D-HI-2]",03/22/2023,"House - Natural Resources, Agriculture | Senate - Agriculture, Nutrition, and Forestry","Received in the Senate and Read twice and referred to the Committee on Agriculture, Nutrition, and Forestry.",09/25/2024,1,,,,,
H.R. 522,https://www.congress.gov/bill/118th-congress/house-bill/522,118th Congress (2023-2024),Deliver for Veterans Act,"Moylan, James C. [Del.-R-GU-At Large]",01/25/2023,House - Veterans' Affairs | Senate - Veterans' Affairs,Received in the Senate and Read twice and referred to the Committee on Veterans' Affairs.,09/25/2024,19,,,,,
H.R. 5509,https://www.congress.gov/bill/118th-congress/house-bill/5509,118th Congress (2023-2024),Electronic Permitting Modernization Act,"Porter, Katie [Rep.-D-CA-47]",09/14/2023,House - Natural Resources | Senate - Energy and Natural Resources,Received in the Senate and Read twice and referred to the Committee on Energy and Natural Resources.,09/25/2024,5,,,,,
H.R. 4596,https://www.congress.gov/bill/118th-congress/house-bill/4596,118th Congress (2023-2024),Upper Colorado and San Juan River Basins Endangered Fish Recovery Programs Reauthorization Act of 2024,"Boebert, Lauren [Rep.-R-CO-3]",07/13/2023,House - Natural Resources,Received in the Senate. Read twice. Placed on Senate Legislative Calendar under General Orders. Calendar No. 545.,09/25/2024,8,,,,,
H.R. 6474,https://www.congress.gov/bill/118th-congress/house-bill/6474,118th Congress (2023-2024),To amend the Energy Policy Act of 2005 to expedite geothermal exploration and development in previously studied or developed areas.,"Steel, Michelle [Rep.-R-CA-45]",11/21/2023,House - Natural Resources | Senate - Energy and Natural Resources,Received in the Senate and Read twice and referred to the Committee on Energy and Natural Resources.,09/25/2024,1,,,,,
H.R. 8958,https://www.congress.gov/bill/118th-congress/house-bill/8958,118th Congress (2023-2024),NASA Reauthorization Act of 2024,"Lucas, Frank D. [Rep.-R-OK-3]",07/09/2024,"House - Science, Space, and Technology | Senate - Commerce, Science, and Transportation","Received in the Senate and Read twice and referred to the Committee on Commerce, Science, and Transportation.",09/24/2024,3,,,,,
H.R. 3884,https://www.congress.gov/bill/118th-congress/house-bill/3884,118th Congress (2023-2024),"Sickle Cell Disease and Other Heritable Blood Disorders Research, Surveillance, Prevention, and Treatment Act of 2023","Burgess, Michael C. [Rep.-R-TX-26]",06/07/2023,"House - Energy and Commerce | Senate - Health, Education, Labor, and Pensions","Received in the Senate and Read twice and referred to the Committee on Health, Education, Labor, and Pensions.",09/24/2024,3,,,,,
H.R. 2706,https://www.congress.gov/bill/118th-congress/house-bill/2706,118th Congress (2023-2024),Charlotte Woodward Organ Transplant Discrimination Prevention Act,"Cammack, Kat [Rep.-R-FL-3]",04/19/2023,"House - Energy and Commerce | Senate - Health, Education, Labor, and Pensions","Received in the Senate and Read twice and referred to the Committee on Health, Education, Labor, and Pensions.",09/24/2024,43,,,,,
H.R. 7630,https://www.congress.gov/bill/118th-congress/house-bill/7630,118th Congress (2023-2024),ANCHOR Act,"Garcia, Mike [Rep.-R-CA-27]",03/12/2024,"House - Science, Space, and Technology",Received in the Senate. Read twice. Placed on Senate Legislative Calendar under General Orders. Calendar No. 526.,09/24/2024,1,,,,,
H.R. 6219,https://www.congress.gov/bill/118th-congress/house-bill/6219,118th Congress (2023-2024),ASCEND Act,"Kean, Thomas H. [Rep.-R-NJ-7]",11/03/2023,"House - Science, Space, and Technology | Senate - Commerce, Science, and Transportation","Received in the Senate and Read twice and referred to the Committee on Commerce, Science, and Transportation.",09/24/2024,2,,,,,
H.Res. 1486,https://www.congress.gov/bill/118th-congress/house-resolution/1486,118th Congress (2023-2024),"Providing for consideration of the bill (H.R. 3334) to provide for the imposition of sanctions on members of the National Communist Party Congress of the People's Republic of China, and for other purposes; providing for consideration of the bill (H.R. 8205) to amend the Omnibus Crime Control and Safe Streets Act of 1968 to provide that Byrne grant funds may be used for public safety report systems, and for other purposes; providing for consideration of the bill (H.R. 8790) to expedite under the National Environmental Policy Act of 1969 and improve forest management activities on National Forest System lands, on public lands under the jurisdiction of the Bureau of Land Management, and on Tribal lands to return resilience to overgrown, fire-prone forested lands, and for other purposes; providing for consideration of the resolution (H. Res. 1469) ensuring accountability for key officials in the Biden-Harris administration responsible for decisionmaking and execution failures throughout the withdrawal from Afghanistan; and for other purposes.","Burgess, Michael C. [Rep.-R-TX-26]",09/23/2024,House - Rules,Motion to reconsider laid on the table Agreed to without objection.,09/24/2024,0,,,,,
H.R. 9459,https://www.congress.gov/bill/118th-congress/house-bill/9459,118th Congress (2023-2024),PATHS Act,"Guest, Michael [Rep.-R-MS-3]",09/06/2024,House - Homeland Security,Received in the Senate.,09/24/2024,1,,,,,
H.R. 5526,https://www.congress.gov/bill/118th-congress/house-bill/5526,118th Congress (2023-2024),Seniors’ Access to Critical Medications Act of 2024,"Harshbarger, Diana [Rep.-R-TN-1]",09/18/2023,"House - Energy and Commerce, Ways and Means | Senate - Finance",Received in the Senate and Read twice and referred to the Committee on Finance.,09/24/2024,69,,,,,
H.R. 7685,https://www.congress.gov/bill/118th-congress/house-bill/7685,118th Congress (2023-2024),IMPACT Act,"Miller, Max L. [Rep.-R-OH-7]",03/15/2024,"House - Science, Space, and Technology | Senate - Energy and Natural Resources",Received in the Senate and Read twice and referred to the Committee on Energy and Natural Resources.,09/24/2024,1,,,,,
H.R. 1735,https://www.congress.gov/bill/118th-congress/house-bill/1735,118th Congress (2023-2024),Mathematical and Statistical Modeling Education Act,"Houlahan, Chrissy [Rep.-D-PA-6]",03/23/2023,"House - Science, Space, and Technology | Senate - Health, Education, Labor, and Pensions","Received in the Senate and Read twice and referred to the Committee on Health, Education, Labor, and Pensions.",09/24/2024,3,,,,,
H.R. 3433,https://www.congress.gov/bill/118th-congress/house-bill/3433,118th Congress (2023-2024),Give Kids a Chance Act of 2024,"McCaul, Michael T. [Rep.-R-TX-10]",05/17/2023,"House - Energy and Commerce | Senate - Health, Education, Labor, and Pensions","Received in the Senate and Read twice and referred to the Committee on Health, Education, Labor, and Pensions.",09/24/2024,235,,,,,
H.R. 6125,https://www.congress.gov/bill/118th-congress/house-bill/6125,118th Congress (2023-2024),Online Dating Safety Act of 2023,"Valadao, David G. [Rep.-R-CA-22]",10/30/2023,"House - Energy and Commerce | Senate - Commerce, Science, and Transportation","Received in the Senate and Read twice and referred to the Committee on Commerce, Science, and Transportation.",09/24/2024,1,,,,,
H.R. 8108,https://www.congress.gov/bill/118th-congress/house-bill/8108,118th Congress (2023-2024),To amend title XIX of the Social Security Act to add a Medicaid State plan requirement with respect to the determination of residency of certain individuals serving in the Armed Forces.,"Kiggans, Jennifer A. [Rep.-R-VA-2]",04/23/2024,House - Energy and Commerce | Senate - Finance,Received in the Senate and Read twice and referred to the Committee on Finance.,09/24/2024,3,,,,,
H.R. 3724,https://www.congress.gov/bill/118th-congress/house-bill/3724,118th Congress (2023-2024),End Woke Higher Education Act,"Owens, Burgess [Rep.-R-UT-4]",05/25/2023,"House - Education and the Workforce | Senate - Health, Education, Labor, and Pensions","Received in the Senate and Read twice and referred to the Committee on Health, Education, Labor, and Pensions.",09/23/2024,3,,,,,
H.R. 5794,https://www.congress.gov/bill/118th-congress/house-bill/5794,118th Congress (2023-2024),Veterans Affairs Peer Review Neutrality Act of 2023,"Dingell, Debbie [Rep.-D-MI-6]",09/28/2023,House - Veterans' Affairs,"Placed on the Union Calendar, Calendar No. 597.",09/23/2024,1,,,,,
H.R. 4790,https://www.congress.gov/bill/118th-congress/house-bill/4790,118th Congress (2023-2024),Prioritizing Economic Growth Over Woke Policies Act,"Huizenga, Bill [Rep.-R-MI-4]",07/20/2023,"House - Financial Services | Senate - Banking, Housing, and Urban Affairs","Received in the Senate and Read twice and referred to the Committee on Banking, Housing, and Urban Affairs.",09/23/2024,3,,,,,
H.R. 7377,https://www.congress.gov/bill/118th-congress/house-bill/7377,118th Congress (2023-2024),Royalty Resiliency Act,"Hunt, Wesley [Rep.-R-TX-38]",02/15/2024,House - Natural Resources,Became Public Law No: 118-81.,09/20/2024,6,,,,,
H.R. 8610,https://www.congress.gov/bill/118th-congress/house-bill/8610,118th Congress (2023-2024),"Counter-UAS Authority Security, Safety, and Reauthorization Act","Green, Mark E. [Rep.-R-TN-7]",06/04/2024,"House - Transportation and Infrastructure, Judiciary, Homeland Security","Placed on the Union Calendar, Calendar No. 592.",09/20/2024,6,,,,,
H.R. 4693,https://www.congress.gov/bill/118th-congress/house-bill/4693,118th Congress (2023-2024),Tennessee Valley Authority Salary Transparency Act,"Cohen, Steve [Rep.-D-TN-9]",07/18/2023,"House - Transportation and Infrastructure | Senate - Homeland Security and Governmental Affairs, Environment and Public Works",Referred to the Committee on Environment and Public Works.,09/19/2024,1,,,,,
H.R. 7909,https://www.congress.gov/bill/118th-congress/house-bill/7909,118th Congress (2023-2024),Violence Against Women by Illegal Aliens Act,"Mace, Nancy [Rep.-R-SC-1]",04/09/2024,House - Judiciary | Senate - Judiciary,Received in the Senate and Read twice and referred to the Committee on the Judiciary.,09/19/2024,6,,,,,
H.R. 5179,https://www.congress.gov/bill/118th-congress/house-bill/5179,118th Congress (2023-2024),Anti-BDS Labeling Act,"Tenney, Claudia [Rep.-R-NY-24]",08/08/2023,House - Ways and Means | Senate - Finance,Received in the Senate and Read twice and referred to the Committee on Finance.,09/19/2024,0,,,,,
H.R. 5339,https://www.congress.gov/bill/118th-congress/house-bill/5339,118th Congress (2023-2024),Protecting Americans’ Investments from Woke Policies Act,"Allen, Rick W. [Rep.-R-GA-12]",09/05/2023,"House - Education and the Workforce | Senate - Banking, Housing, and Urban Affairs","Received in the Senate and Read twice and referred to the Committee on Banking, Housing, and Urban Affairs.",09/19/2024,1,,,,,
H.R. 1513,https://www.congress.gov/bill/118th-congress/house-bill/1513,118th Congress (2023-2024),FUTURE Networks Act,"Matsui, Doris O. [Rep.-D-CA-7]",03/09/2023,"House - Energy and Commerce | Senate - Commerce, Science, and Transportation","Received in the Senate and Read twice and referred to the Committee on Commerce, Science, and Transportation.",09/19/2024,2,,,,,
H.R. 2941,https://www.congress.gov/bill/118th-congress/house-bill/2941,118th Congress (2023-2024),Recognizing the Role of Direct Support Professionals Act,"Fitzpatrick, Brian K. [Rep.-R-PA-1]",04/27/2023,House - Education and the Workforce,"Placed on the Union Calendar, Calendar No. 587.",09/19/2024,53,,,,,
H.R. 2574,https://www.congress.gov/bill/118th-congress/house-bill/2574,118th Congress (2023-2024),EMS Counts Act,"Wild, Susan [Rep.-D-PA-7]",04/10/2023,House - Education and the Workforce,"Placed on the Union Calendar, Calendar No. 588.",09/19/2024,6,,,,,
H.R. 6319,https://www.congress.gov/bill/118th-congress/house-bill/6319,118th Congress (2023-2024),911 SAVES Act of 2024,"Torres, Norma J. [Rep.-D-CA-35]",11/08/2023,House - Education and the Workforce,"Placed on the Union Calendar, Calendar No. 586.",09/19/2024,137,,,,,
H.R. 4758,https://www.congress.gov/bill/118th-congress/house-bill/4758,118th Congress (2023-2024),Accelerating Kids’ Access to Care Act,"Trahan, Lori [Rep.-D-MA-3]",07/19/2023,House - Energy and Commerce | Senate - Finance,Received in the Senate and Read twice and referred to the Committee on Finance.,09/18/2024,124,,,,,
H.R. 8674,https://www.congress.gov/bill/118th-congress/house-bill/8674,118th Congress (2023-2024),Milestones for Advanced Nuclear Fuel Act,"Williams, Brandon [Rep.-R-NY-22]",06/07/2024,"House - Science, Space, and Technology","Placed on the Union Calendar, Calendar No. 580.",09/18/2024,1,,,,,
H.Res. 1455,https://www.congress.gov/bill/118th-congress/house-resolution/1455,118th Congress (2023-2024),"Providing for consideration of the bill (H.R. 3724) to amend the Higher Education Act of 1965 to prohibit recognized accrediting agencies and associations from requiring, encouraging, or coercing institutions of higher education to meet any political litmus test or violate any right protected by the Constitution as a condition of accreditation; providing for consideration of the bill (H.R. 4790) to amend the Federal securities laws with respect to the materiality of disclosure requirements, to establish the Public Company Advisory Committee, and for other purposes; providing for consideration of the bill (H.R. 5179) to require the maintenance of the country of origin markings for imported goods produced in the West Bank or Gaza, and for other purposes; providing for consideration of the bill (H.R. 5339) to amend the Employee Retirement Income Security Act of 1974 to specify requirements concerning the consideration of pecuniary and non-pecuniary factors, and for other purposes; providing for consideration of the bill (H.R. 5717) to provide that sanctuary jurisdictions that provide benefits to aliens who are present in the United States without lawful status under the immigration laws are ineligible for Federal funds intended to benefit such aliens; providing for consideration of the bill (H.R. 7909) to amend the Immigration and Nationality Act to provide that aliens who have been convicted of or who have committed sex offenses or domestic violence are inadmissible and deportable; and providing for consideration of the joint resolution (H.J. Res. 136) providing for congressional disapproval under chapter 8 of title 5, United States Code, of the rule submitted by the Environmental Protection Agency relating to ""Multi-Pollutant Emissions Standards for Model Years 2027 and Later Light-Duty and Medium-Duty Vehicles"".","Houchin, Erin [Rep.-R-IN-9]",09/17/2024,House - Rules,Motion to reconsider laid on the table Agreed to without objection.,09/18/2024,0,,,,,
H.R. 6969,https://www.congress.gov/bill/118th-congress/house-bill/6969,118th Congress (2023-2024),To direct the Joint Committee on the Library to procure a statue of Benjamin Franklin for placement in the Capitol.,"Houlahan, Chrissy [Rep.-D-PA-6]",01/11/2024,House - House Administration,"Placed on the Union Calendar, Calendar No. 584.",09/18/2024,77,,,,,
H.R. 9460,https://www.congress.gov/bill/118th-congress/house-bill/9460,118th Congress (2023-2024),DHS Joint Task Forces Reauthorization Act of 2024,"Higgins, Clay [Rep.-R-LA-3]",09/06/2024,House - Homeland Security,"Placed on the Union Calendar, Calendar No. 582.",09/18/2024,1,,,,,
H.R. 3800,https://www.congress.gov/bill/118th-congress/house-bill/3800,118th Congress (2023-2024),Chronic Disease Flexible Coverage Act,"Wenstrup, Brad R. [Rep.-R-OH-2]",06/05/2023,House - Ways and Means | Senate - Finance,Received in the Senate and Read twice and referred to the Committee on Finance.,09/18/2024,3,,,,,
H.R. 6033,https://www.congress.gov/bill/118th-congress/house-bill/6033,118th Congress (2023-2024),SPEAK Act of 2024,"Steel, Michelle [Rep.-R-CA-45]",10/24/2023,"House - Energy and Commerce | Senate - Health, Education, Labor, and Pensions","Received in the Senate and Read twice and referred to the Committee on Health, Education, Labor, and Pensions.",09/18/2024,29,,,,,
H.R. 8292,https://www.congress.gov/bill/118th-congress/house-bill/8292,118th Congress (2023-2024),Taxpayer Data Protection Act,"Smith, Jason [Rep.-R-MO-8]",05/08/2024,House - Ways and Means,Received in the Senate.,09/18/2024,25,,,,,
H.R. 6160,https://www.congress.gov/bill/118th-congress/house-bill/6160,118th Congress (2023-2024),To amend the Public Health Service Act to reauthorize a lifespan respite care program.,"Molinaro, Marcus J. [Rep.-R-NY-19]",11/01/2023,"House - Energy and Commerce | Senate - Health, Education, Labor, and Pensions","Received in the Senate and Read twice and referred to the Committee on Health, Education, Labor, and Pensions.",09/18/2024,5,,,,,
H.R. 7406,https://www.congress.gov/bill/118th-congress/house-bill/7406,118th Congress (2023-2024),DeOndra Dixon INCLUDE Project Act of 2024,"McMorris Rodgers, Cathy [Rep.-R-WA-5]",02/16/2024,"House - Energy and Commerce | Senate - Health, Education, Labor, and Pensions","Received in the Senate and Read twice and referred to the Committee on Health, Education, Labor, and Pensions.",09/18/2024,6,,,,,
H.R. 3784,https://www.congress.gov/bill/118th-congress/house-bill/3784,118th Congress (2023-2024),Improving Social Security’s Service to Victims of Identity Theft Act,"Ferguson, A. Drew, IV [Rep.-R-GA-3]",06/01/2023,House - Ways and Means | Senate - Finance,Received in the Senate and Read twice and referred to the Committee on Finance.,09/18/2024,2,,,,,
H.R. 7816,https://www.congress.gov/bill/118th-congress/house-bill/7816,118th Congress (2023-2024),Clear Communication for Veterans Claims Act,"Duarte, John S. [Rep.-R-CA-13]",03/26/2024,House - Veterans' Affairs,Received in the Senate.,09/18/2024,10,,,,,
H.R. 8111,https://www.congress.gov/bill/118th-congress/house-bill/8111,118th Congress (2023-2024),Medicaid Program Improvement Act,"Miller-Meeks, Mariannette [Rep.-R-IA-1]",04/23/2024,House - Energy and Commerce | Senate - Finance,Received in the Senate and Read twice and referred to the Committee on Finance.,09/18/2024,2,,,,,
H.R. 8112,https://www.congress.gov/bill/118th-congress/house-bill/8112,118th Congress (2023-2024),To amend title XIX of the Social Security Act to further require certain additional provider screening under the Medicaid program.,"D'Esposito, Anthony [Rep.-R-NY-4]",04/23/2024,House - Energy and Commerce | Senate - Finance,Received in the Senate and Read twice and referred to the Committee on Finance.,09/18/2024,0,,,,,
H.R. 7342,https://www.congress.gov/bill/118th-congress/house-bill/7342,118th Congress (2023-2024),Veterans Accessibility Advisory Committee Act of 2024,"Valadao, David G. [Rep.-R-CA-22]",02/13/2024,House - Veterans' Affairs,Received in the Senate.,09/18/2024,10,,,,,
H.R. 7858,https://www.congress.gov/bill/118th-congress/house-bill/7858,118th Congress (2023-2024),TELEMH Act of 2024,"James, John [Rep.-R-MI-10]",04/02/2024,"House - Energy and Commerce, Ways and Means | Senate - Finance",Received in the Senate and Read twice and referred to the Committee on Finance.,09/18/2024,3,,,,,
H.R. 7100,https://www.congress.gov/bill/118th-congress/house-bill/7100,118th Congress (2023-2024),Prioritizing Veterans’ Survivors Act,"Ciscomani, Juan [Rep.-R-AZ-6]",01/29/2024,House - Veterans' Affairs,Received in the Senate.,09/18/2024,1,,,,,
H.R. 8089,https://www.congress.gov/bill/118th-congress/house-bill/8089,118th Congress (2023-2024),Medicare and Medicaid Fraud Prevention Act of 2024,"Garcia, Mike [Rep.-R-CA-27]",04/19/2024,House - Energy and Commerce | Senate - Finance,Received in the Senate and Read twice and referred to the Committee on Finance.,09/18/2024,1,,,,,
H.R. 2911,https://www.congress.gov/bill/118th-congress/house-bill/2911,118th Congress (2023-2024),Fairness for Servicemembers and their Families Act of 2024,"Strickland, Marilyn [Rep.-D-WA-10]",04/26/2023,House - Veterans' Affairs,Received in the Senate.,09/18/2024,11,,,,,
H.R. 8084,https://www.congress.gov/bill/118th-congress/house-bill/8084,118th Congress (2023-2024),LIVE Beneficiaries Act,"Bilirakis, Gus M. [Rep.-R-FL-12]",04/19/2024,House - Energy and Commerce | Senate - Finance,Received in the Senate and Read twice and referred to the Committee on Finance.,09/18/2024,1,,,,,
H.R. 7208,https://www.congress.gov/bill/118th-congress/house-bill/7208,118th Congress (2023-2024),Dennis John Benigno Traumatic Brain Injury Program Reauthorization Act of 2024,"Pascrell, Bill, Jr. [Rep.-D-NJ-9]",02/01/2024,House - Energy and Commerce,Received in the Senate. Read twice. Placed on Senate Legislative Calendar under General Orders. Calendar No. 516.,09/18/2024,7,,,,,
H.R. 4424,https://www.congress.gov/bill/118th-congress/house-bill/4424,118th Congress (2023-2024),Vietnam Veterans Liver Fluke Cancer Study Act,"LaLota, Nick [Rep.-R-NY-1]",06/30/2023,House - Veterans' Affairs,Received in the Senate.,09/18/2024,16,,,,,
H.R. 455,https://www.congress.gov/bill/118th-congress/house-bill/455,118th Congress (2023-2024),To amend the Controlled Substances Act to fix a technical error in the definitions.,"Burchett, Tim [Rep.-R-TN-2]",01/24/2023,"House - Energy and Commerce, Judiciary","Placed on the Union Calendar, Calendar No. 576.",09/17/2024,1,,,,,
H.R. 1425,https://www.congress.gov/bill/118th-congress/house-bill/1425,118th Congress (2023-2024),No WHO Pandemic Preparedness Treaty Without Senate Approval Act,"Tiffany, Thomas P. [Rep.-R-WI-7]",03/07/2023,House - Foreign Affairs | Senate - Foreign Relations,Received in the Senate and Read twice and referred to the Committee on Foreign Relations.,09/17/2024,59,,,,,
H.R. 8314,https://www.congress.gov/bill/118th-congress/house-bill/8314,118th Congress (2023-2024),No Foreign Election Interference Act,"Malliotakis, Nicole [Rep.-R-NY-11]",05/08/2024,House - Ways and Means,"On motion to suspend the rules and pass the bill, as amended Failed by the Yeas and Nays: (2/3 required): 218 - 181, 1 Present (Roll no. 418).",09/17/2024,1,,,,,
H.R. 705,https://www.congress.gov/bill/118th-congress/house-bill/705,118th Congress (2023-2024),Veterans 2nd Amendment Protection Act,"Bost, Mike [Rep.-R-IL-12]",02/01/2023,House - Veterans' Affairs,"Placed on the Union Calendar, Calendar No. 573.",09/16/2024,73,,,,,
H.R. 820,https://www.congress.gov/bill/118th-congress/house-bill/820,118th Congress (2023-2024),Foreign Adversary Communications Transparency Act,"Stefanik, Elise M. [Rep.-R-NY-21]",02/02/2023,House - Energy and Commerce,Read the second time. Placed on Senate Legislative Calendar under General Orders. Calendar No. 511.,09/16/2024,3,,,,,
H.R. 7980,https://www.congress.gov/bill/118th-congress/house-bill/7980,118th Congress (2023-2024),End Chinese Dominance of Electric Vehicles in America Act of 2024,"Miller, Carol D. [Rep.-R-WV-1]",04/15/2024,House - Ways and Means | Senate - Finance,Received in the Senate and Read twice and referred to the Committee on Finance.,09/16/2024,4,,,,,
H.R. 1398,https://www.congress.gov/bill/118th-congress/house-bill/1398,118th Congress (2023-2024),Protect America’s Innovation and Economic Security from CCP Act of 2024,"Gooden, Lance [Rep.-R-TX-5]",03/07/2023,House - Judiciary | Senate - Judiciary,Received in the Senate and Read twice and referred to the Committee on the Judiciary.,09/16/2024,8,,,,,
H.R. 1076,https://www.congress.gov/bill/118th-congress/house-bill/1076,118th Congress (2023-2024),Preventing the Financing of Illegal Synthetic Drugs Act,"De La Cruz, Monica [Rep.-R-TX-15]",02/17/2023,"House - Financial Services, Judiciary, Energy and Commerce | Senate - Banking, Housing, and Urban Affairs",Became Public Law No: 118-79.,09/13/2024,8,,,,,
H.R. 8998,https://www.congress.gov/bill/118th-congress/house-bill/8998,118th Congress (2023-2024),"Department of the Interior, Environment, and Related Agencies Appropriations Act, 2025","Simpson, Michael K. [Rep.-R-ID-2]",07/11/2024,House - Appropriations,Read twice. Placed on Senate Legislative Calendar under General Orders. Calendar No. 509.,09/12/2024,0,,,,,
H.R. 8399,https://www.congress.gov/bill/118th-congress/house-bill/8399,118th Congress (2023-2024),Preventing Foreign Interference in American Elections Act,"Steil, Bryan [Rep.-R-WI-1]",05/14/2024,"House - House Administration, Oversight and Accountability","Placed on the Union Calendar, Calendar No. 559.",09/12/2024,2,,,,,
H.R. 8580,https://www.congress.gov/bill/118th-congress/house-bill/8580,118th Congress (2023-2024),"Military Construction, Veterans Affairs, and Related Agencies Appropriations Act, 2025","Carter, John R. [Rep.-R-TX-31]",05/28/2024,House - Appropriations,Read twice. Placed on Senate Legislative Calendar under General Orders. Calendar No. 506.,09/12/2024,0,,,,,
H.R. 8774,https://www.congress.gov/bill/118th-congress/house-bill/8774,118th Congress (2023-2024),"Department of Defense Appropriations Act, 2025","Calvert, Ken [Rep.-R-CA-41]",06/17/2024,House - Appropriations,Read twice. Placed on Senate Legislative Calendar under General Orders. Calendar No. 508.,09/12/2024,0,,,,,
H.R. 1516,https://www.congress.gov/bill/118th-congress/house-bill/1516,118th Congress (2023-2024),DHS Restrictions on Confucius Institutes and Chinese Entities of Concern Act,"Pfluger, August [Rep.-R-TX-11]",03/09/2023,House - Homeland Security | Senate - Homeland Security and Governmental Affairs,Received in the Senate and Read twice and referred to the Committee on Homeland Security and Governmental Affairs.,09/12/2024,18,,,,,
H.R. 8771,https://www.congress.gov/bill/118th-congress/house-bill/8771,118th Congress (2023-2024),"Department of State, Foreign Operations, and Related Programs Appropriations Act, 2025","Diaz-Balart, Mario [Rep.-R-FL-26]",06/14/2024,House - Appropriations,Read twice. Placed on Senate Legislative Calendar under General Orders. Calendar No. 507.,09/12/2024,0,,,,,
H.R. 8512,https://www.congress.gov/bill/118th-congress/house-bill/8512,118th Congress (2023-2024),Intelligence Authorization Act for Fiscal Year 2025,"Turner, Michael R. [Rep.-R-OH-10]",05/22/2024,House - Intelligence (Permanent Select),"Placed on the Union Calendar, Calendar No. 558.",09/11/2024,0,,,,,
H.R. 5870,https://www.congress.gov/bill/118th-congress/house-bill/5870,118th Congress (2023-2024),Veteran Appeals Transparency Act of 2024,"Self, Keith [Rep.-R-TX-3]",10/02/2023,House - Veterans' Affairs,"Placed on the Union Calendar, Calendar No. 555.",09/10/2024,1,,,,,
H.R. 7686,https://www.congress.gov/bill/118th-congress/house-bill/7686,118th Congress (2023-2024),"To amend the Research and Development, Competition, and Innovation Act to clarify the definition of foreign country for purposes of malign foreign talent recruitment restriction, and for other purposes.","Garcia, Mike [Rep.-R-CA-27]",03/15/2024,"House - Science, Space, and Technology | Senate - Commerce, Science, and Transportation","Received in the Senate and Read twice and referred to the Committee on Commerce, Science, and Transportation.",09/10/2024,1,,,,,
H.R. 7150,https://www.congress.gov/bill/118th-congress/house-bill/7150,118th Congress (2023-2024),Survivor Benefits Delivery Improvement Act of 2024,"Takano, Mark [Rep.-D-CA-39]",01/30/2024,House - Veterans' Affairs,"Placed on the Union Calendar, Calendar No. 553.",09/10/2024,0,,,,,
H.R. 7589,https://www.congress.gov/bill/118th-congress/house-bill/7589,118th Congress (2023-2024),ROUTERS Act,"Latta, Robert E. [Rep.-R-OH-5]",03/08/2024,"House - Energy and Commerce | Senate - Commerce, Science, and Transportation","Received in the Senate and Read twice and referred to the Committee on Commerce, Science, and Transportation.",09/10/2024,1,,,,,
H.R. 7404,https://www.congress.gov/bill/118th-congress/house-bill/7404,118th Congress (2023-2024),Subterranean Border Defense Act,"Crane, Elijah [Rep.-R-AZ-2]",02/16/2024,House - Homeland Security | Senate - Homeland Security and Governmental Affairs,Received in the Senate and Read twice and referred to the Committee on Homeland Security and Governmental Affairs.,09/10/2024,14,,,,,
H.R. 554,https://www.congress.gov/bill/118th-congress/house-bill/554,118th Congress (2023-2024),Taiwan Conflict Deterrence Act of 2023,"Hill, J. French [Rep.-R-AR-2]",01/26/2023,"House - Financial Services | Senate - Banking, Housing, and Urban Affairs","Received in the Senate and Read twice and referred to the Committee on Banking, Housing, and Urban Affairs.",09/10/2024,8,,,,,
H.R. 2864,https://www.congress.gov/bill/118th-congress/house-bill/2864,118th Congress (2023-2024),Countering CCP Drones Act,"Stefanik, Elise M. [Rep.-R-NY-21]",04/25/2023,"House - Energy and Commerce | Senate - Commerce, Science, and Transportation","Received in the Senate and Read twice and referred to the Committee on Commerce, Science, and Transportation.",09/10/2024,15,,,,,
H.Res. 1430,https://www.congress.gov/bill/118th-congress/house-resolution/1430,118th Congress (2023-2024),"Providing for consideration of the bill (H.R. 1398) to establish the CCP Initiative program, and for other purposes; providing for consideration of the bill (H.R. 1425) to require any convention, agreement, or other international instrument on pandemic prevention, preparedness, and response reached by the World Health Assembly to be subject to Senate ratification; providing for consideration of the bill (H.R. 1516) to establish Department of Homeland Security funding restrictions on institutions of higher education that have a relationship with Confucius Institutes, and for other purposes; providing for consideration of the bill (H.R. 7980) to amend the Internal Revenue Code of 1986 to exclude vehicles the batteries of which contain materials sourced from prohibited foreign entities from the clean vehicle credit; providing for consideration of the bill (H.R. 9456) to amend the Defense Production Act of 1950 with respect to foreign investments in United States agriculture, and for other purposes; and providing for consideration of the bill (H.R. 9494) making continuing appropriations for fiscal year 2025, and for other purposes.","Langworthy, Nicholas A. [Rep.-R-NY-23]",09/10/2024,House - Rules,Motion to reconsider laid on the table Agreed to without objection.,09/10/2024,0,,,,,
H.R. 5890,https://www.congress.gov/bill/118th-congress/house-bill/5890,118th Congress (2023-2024),Review Every Veterans Claim Act of 2023,"Luttrell, Morgan [Rep.-R-TX-8]",10/03/2023,House - Veterans' Affairs,"Placed on the Union Calendar, Calendar No. 554.",09/10/2024,3,,,,,
H.R. 3790,https://www.congress.gov/bill/118th-congress/house-bill/3790,118th Congress (2023-2024),Justice for ALS Veterans Act of 2023,"Slotkin, Elissa [Rep.-D-MI-7]",06/01/2023,House - Veterans' Affairs,"Placed on the Union Calendar, Calendar No. 556.",09/10/2024,23,,,,,
H.R. 510,https://www.congress.gov/bill/118th-congress/house-bill/510,118th Congress (2023-2024),Chinese Currency Accountability Act of 2023,"Davidson, Warren [Rep.-R-OH-8]",01/25/2023,House - Financial Services | Senate - Foreign Relations,Received in the Senate and Read twice and referred to the Committee on Foreign Relations.,09/10/2024,2,,,,,
H.R. 7592,https://www.congress.gov/bill/118th-congress/house-bill/7592,118th Congress (2023-2024),"To direct the Librarian of Congress to promote the more cost-effective, efficient, and expanded availability of the Annotated Constitution and pocket-part supplements by replacing the hardbound versions with digital versions.","Bice, Stephanie I. [Rep.-R-OK-5]",03/08/2024,House - House Administration | Senate - Rules and Administration,Received in the Senate and Read twice and referred to the Committee on Rules and Administration.,09/10/2024,3,,,,,
H.R. 7593,https://www.congress.gov/bill/118th-congress/house-bill/7593,118th Congress (2023-2024),Modernizing the Congressional Research Service’s Access to Data Act,"Bice, Stephanie I. [Rep.-R-OK-5]",03/08/2024,House - House Administration | Senate - Rules and Administration,Received in the Senate and Read twice and referred to the Committee on Rules and Administration.,09/10/2024,4,,,,,
H.J.Res. 125,https://www.congress.gov/bill/118th-congress/house-joint-resolution/125,118th Congress (2023-2024),"Providing for congressional disapproval under chapter 8 of title 5, United States Code, of the rule submitted by the Board of Governors of the Federal Reserve System relating to ""Principles for Climate-Related Financial Risk Management for Large Financial Institutions"".","Fitzgerald, Scott [Rep.-R-WI-5]",04/05/2024,House - Financial Services,"Placed on the Union Calendar, Calendar No. 548.",09/09/2024,9,,,,,
H.R. 4763,https://www.congress.gov/bill/118th-congress/house-bill/4763,118th Congress (2023-2024),Financial Innovation and Technology for the 21st Century Act,"Thompson, Glenn [Rep.-R-PA-15]",07/20/2023,"House - Agriculture, Financial Services | Senate - Banking, Housing, and Urban Affairs","Received in the Senate and Read twice and referred to the Committee on Banking, Housing, and Urban Affairs.",09/09/2024,11,,,,,
H.R. 7347,https://www.congress.gov/bill/118th-congress/house-bill/7347,118th Congress (2023-2024),"To amend title 38, United States Code, to direct the Secretary of Veterans Affairs to report on whether the Secretary will include certain psychedelic drugs in the formulary of the Department of Veterans Affairs.","Van Orden, Derrick [Rep.-R-WI-3]",02/14/2024,House - Veterans' Affairs,"Placed on the Union Calendar, Calendar No. 544.",09/06/2024,1,,,,,
H.R. 8654,https://www.congress.gov/bill/118th-congress/house-bill/8654,118th Congress (2023-2024),Streamlining Law Enforcement Information Sharing Act,"Ezell, Mike [Rep.-R-MS-4]",06/07/2024,House - Homeland Security,"Placed on the Union Calendar, Calendar No. 532.",08/30/2024,2,,,,,
H.R. 8671,https://www.congress.gov/bill/118th-congress/house-bill/8671,118th Congress (2023-2024),DHS Intelligence Rotational Assignment Program and Law Enforcement Support Act,"Pfluger, August [Rep.-R-TX-11]",06/07/2024,House - Homeland Security,"Placed on the Union Calendar, Calendar No. 537.",08/30/2024,1,,,,,
H.R. 8658,https://www.congress.gov/bill/118th-congress/house-bill/8658,118th Congress (2023-2024),Emerging Digital Identity Ecosystem Report Act of 2024,"Higgins, Clay [Rep.-R-LA-3]",06/07/2024,House - Homeland Security,"Placed on the Union Calendar, Calendar No. 535.",08/30/2024,1,,,,,
H.R. 8655,https://www.congress.gov/bill/118th-congress/house-bill/8655,118th Congress (2023-2024),Federal Air Marshal Enhancing Airport Security Act of 2024,"Gimenez, Carlos A. [Rep.-R-FL-28]",06/07/2024,House - Homeland Security,"Placed on the Union Calendar, Calendar No. 534.",08/30/2024,1,,,,,
H.R. 8675,https://www.congress.gov/bill/118th-congress/house-bill/8675,118th Congress (2023-2024),Repair of the National Law Enforcement Telecommunications System Act of 2024,"Garbarino, Andrew R. [Rep.-R-NY-2]",06/11/2024,House - Homeland Security,"Placed on the Union Calendar, Calendar No. 539.",08/30/2024,2,,,,,
H.R. 3507,https://www.congress.gov/bill/118th-congress/house-bill/3507,118th Congress (2023-2024),Yes In My Backyard Act,"Kilmer, Derek [Rep.-D-WA-6]",05/18/2023,House - Financial Services,"Placed on the Union Calendar, Calendar No. 542.",08/30/2024,45,,,,,
H.R. 3161,https://www.congress.gov/bill/118th-congress/house-bill/3161,118th Congress (2023-2024),CDFI Fund Transparency Act,"Rose, John W. [Rep.-R-TN-6]",05/09/2023,House - Financial Services,"Placed on the Union Calendar, Calendar No. 541.",08/30/2024,28,,,,,
H.R. 7643,https://www.congress.gov/bill/118th-congress/house-bill/7643,118th Congress (2023-2024),Veterans Congressional Work Study Act of 2024,"Takano, Mark [Rep.-D-CA-39]",03/12/2024,House - Veterans' Affairs,"Supplemental report filed by the Committee on Veterans' Affairs, H. Rept. 118-596, Part II.",08/27/2024,2,,,,,
H.R. 3560,https://www.congress.gov/bill/118th-congress/house-bill/3560,118th Congress (2023-2024),National Drone and Advanced Air Mobility Research and Development Act,"Lucas, Frank D. [Rep.-R-OK-3]",05/22/2023,"House - Science, Space, and Technology, Oversight and Accountability, Homeland Security, Transportation and Infrastructure","Placed on the Union Calendar, Calendar No. 527.",08/13/2024,0,,,,,
H.R. 3565,https://www.congress.gov/bill/118th-congress/house-bill/3565,118th Congress (2023-2024),Spectrum Auction Reauthorization Act of 2023,"McMorris Rodgers, Cathy [Rep.-R-WA-5]",05/22/2023,"House - Energy and Commerce, Armed Services","Placed on the Union Calendar, Calendar No. 526.",08/13/2024,4,,,,,
H.R. 6531,https://www.congress.gov/bill/118th-congress/house-bill/6531,118th Congress (2023-2024),TRAIN VA Employees Act,"Pappas, Chris [Rep.-D-NH-1]",11/30/2023,House - Veterans' Affairs,"Placed on the Union Calendar, Calendar No. 522.",08/09/2024,11,,,,,
H.R. 6874,https://www.congress.gov/bill/118th-congress/house-bill/6874,118th Congress (2023-2024),VA WEB Act,"Rosendale Sr., Matthew M. [Rep.-R-MT-2]",12/19/2023,House - Veterans' Affairs,"Placed on the Union Calendar, Calendar No. 524.",08/09/2024,2,,,,,
H.R. 2499,https://www.congress.gov/bill/118th-congress/house-bill/2499,118th Congress (2023-2024),VA Supply Chain Management System Authorization Act,"Kiggans, Jennifer A [Rep.-R-VA-2]",04/06/2023,House - Veterans' Affairs,"Placed on the Union Calendar, Calendar No. 523.",08/09/2024,2,,,,,
H.R. 7024,https://www.congress.gov/bill/118th-congress/house-bill/7024,118th Congress (2023-2024),Tax Relief for American Families and Workers Act of 2024,"Smith, Jason [Rep.-R-MO-8]",01/17/2024,"House - Ways and Means, Rules",Motion by Senator Schumer to reconsider the vote by which cloture on the motion to proceed to the measure was not invoked (Record Vote No. 230) made in Senate.,08/01/2024,0,,,,,
H.J.Res. 124,https://www.congress.gov/bill/118th-congress/house-joint-resolution/124,118th Congress (2023-2024),"Providing for congressional disapproval under chapter 8 of title 5, United States Code, of the rule submitted by the Office of the Comptroller of the Currency relating to ""Principles for Climate-Related Financial Risk Management for Large Financial Institutions"".","Donalds, Byron [Rep.-R-FL-19]",04/05/2024,House - Financial Services,"Placed on the Union Calendar, Calendar No. 515.",07/30/2024,11,,,,,
H.J.Res. 122,https://www.congress.gov/bill/118th-congress/house-joint-resolution/122,118th Congress (2023-2024),"Providing for congressional disapproval under chapter 8 of title 5, United States Code, of the rule submitted by the Bureau of Consumer Financial Protection relating to ""Credit Card Penalty Fees (Regulation Z)"".","Barr, Andy [Rep.-R-KY-6]",03/29/2024,House - Financial Services,"Placed on the Union Calendar, Calendar No. 516.",07/30/2024,21,,,,,
H.R. 7734,https://www.congress.gov/bill/118th-congress/house-bill/7734,118th Congress (2023-2024),Personnel Integrity in Veterans Affairs Act of 2024,"Franklin, Scott [Rep.-R-FL-18]",03/20/2024,House - Veterans' Affairs,"Placed on the Union Calendar, Calendar No. 511.",07/30/2024,0,,,,,
H.J.Res. 127,https://www.congress.gov/bill/118th-congress/house-joint-resolution/127,118th Congress (2023-2024),"Providing for congressional disapproval under chapter 8 of title 5, United States Code, of the rule submitted by the Securities and Exchange Commission relating to ""The Enhancement and Standardization of Climate-Related Disclosures for Investors"".","Huizenga, Bill [Rep.-R-MI-4]",04/09/2024,House - Financial Services,"Placed on the Union Calendar, Calendar No. 513.",07/30/2024,40,,,,,
H.R. 4116,https://www.congress.gov/bill/118th-congress/house-bill/4116,118th Congress (2023-2024),Systemic Risk Authority Transparency Act,"Green, Al [Rep.-D-TX-9]",06/14/2023,House - Financial Services,"Placed on the Union Calendar, Calendar No. 512.",07/30/2024,2,,,,,
H.R. 1105,https://www.congress.gov/bill/118th-congress/house-bill/1105,118th Congress (2023-2024),Debbie Smith Act of 2023,"Wagner, Ann [Rep.-R-MO-2]",02/17/2023,House - Judiciary,Became Public Law No: 118-72.,07/30/2024,85,,,,,
H.R. 802,https://www.congress.gov/bill/118th-congress/house-bill/802,118th Congress (2023-2024),Respect State Housing Laws Act,"Loudermilk, Barry [Rep.-R-GA-11]",02/02/2023,House - Financial Services,"Placed on the Union Calendar, Calendar No. 514.",07/30/2024,35,,,,,
H.J.Res. 126,https://www.congress.gov/bill/118th-congress/house-joint-resolution/126,118th Congress (2023-2024),"Providing for congressional disapproval under chapter 8 of title 5, United States Code, of the rule submitted by the Federal Deposit Insurance Corporation relating to ""Principles for Climate-Related Financial Risk Management for Large Financial Institutions"".","Houchin, Erin [Rep.-R-IN-9]",04/05/2024,House - Financial Services,"Placed on the Union Calendar, Calendar No. 517.",07/30/2024,6,,,,,
H.R. 6213,https://www.congress.gov/bill/118th-congress/house-bill/6213,118th Congress (2023-2024),National Quantum Initiative Reauthorization Act,"Lucas, Frank D. [Rep.-R-OK-3]",11/03/2023,"House - Science, Space, and Technology","Placed on the Union Calendar, Calendar No. 510.",07/25/2024,33,,,,,
H.Res. 1376,https://www.congress.gov/bill/118th-congress/house-resolution/1376,118th Congress (2023-2024),"Providing for consideration of the resolution (H. Res. 1371) strongly condemning the Biden Administration and its Border Czar, Kamala Harris's, failure to secure the United States border.","Reschenthaler, Guy [Rep.-R-PA-14]",07/23/2024,House - Rules,Motion to reconsider laid on the table Agreed to without objection.,07/24/2024,0,,,,,
H.R. 2969,https://www.congress.gov/bill/118th-congress/house-bill/2969,118th Congress (2023-2024),Financial Technology Protection Act of 2023,"Nunn, Zachary [Rep.-R-IA-3]",04/27/2023,"House - Financial Services | Senate - Banking, Housing, and Urban Affairs","Received in the Senate and Read twice and referred to the Committee on Banking, Housing, and Urban Affairs.",07/23/2024,4,,,,,
H.R. 5473,https://www.congress.gov/bill/118th-congress/house-bill/5473,118th Congress (2023-2024),Promoting Resilient Buildings Act of 2024,"Edwards, Chuck [Rep.-R-NC-11]",09/14/2023,House - Transportation and Infrastructure | Senate - Homeland Security and Governmental Affairs,Placed on Senate Legislative Calendar under General Orders. Calendar No. 440.,07/23/2024,4,,,,,
H.J.Res. 165,https://www.congress.gov/bill/118th-congress/house-joint-resolution/165,118th Congress (2023-2024),"Providing for congressional disapproval under chapter 8 of title 5, United States Code, of the rule submitted by the Department of Education relating to ""Nondiscrimination on the Basis of Sex in Education Programs or Activities Receiving Federal Financial Assistance"".","Miller, Mary E. [Rep.-R-IL-15]",06/05/2024,House - Education and the Workforce,Received in the Senate. Read twice. Placed on Senate Legislative Calendar under General Orders. Calendar No. 442.,07/23/2024,72,,,,,
H.R. 7280,https://www.congress.gov/bill/118th-congress/house-bill/7280,118th Congress (2023-2024),HUD Transparency Act of 2024,"De La Cruz, Monica [Rep.-R-TX-15]",02/07/2024,"House - Financial Services | Senate - Banking, Housing, and Urban Affairs","Received in the Senate and Read twice and referred to the Committee on Banking, Housing, and Urban Affairs.",07/23/2024,23,,,,,
H.R. 890,https://www.congress.gov/bill/118th-congress/house-bill/890,118th Congress (2023-2024),GOOD Act,"Comer, James [Rep.-R-KY-1]",02/09/2023,House - Oversight and Accountability | Senate - Homeland Security and Governmental Affairs,Received in the Senate and Read twice and referred to the Committee on Homeland Security and Governmental Affairs.,07/23/2024,15,,,,,
H.R. 8812,https://www.congress.gov/bill/118th-congress/house-bill/8812,118th Congress (2023-2024),Water Resources Development Act of 2024,"Graves, Sam [Rep.-R-MO-6]",06/25/2024,House - Transportation and Infrastructure,Received in the Senate.,07/23/2024,3,,,,,
H.R. 8281,https://www.congress.gov/bill/118th-congress/house-bill/8281,118th Congress (2023-2024),SAVE Act,"Roy, Chip [Rep.-R-TX-21]",05/07/2024,House - House Administration,Read the second time. Placed on Senate Legislative Calendar under General Orders. Calendar No. 439.,07/23/2024,104,,,,,
H.Res. 1370,https://www.congress.gov/bill/118th-congress/house-resolution/1370,118th Congress (2023-2024),"Providing for consideration of the bill (H.R. 8997) making appropriations for energy and water development and related agencies for the fiscal year ending September 30, 2025, and for other purposes, and providing for consideration of the bill (H.R. 8998) making appropriations for the Department of the Interior, environment, and related agencies for the fiscal year ending September 30, 2025, and for other purposes.","Fischbach, Michelle [Rep.-R-MN-7]",07/22/2024,House - Rules,Motion to reconsider laid on the table Agreed to without objection.,07/23/2024,0,,,,,
H.R. 4152,https://www.congress.gov/bill/118th-congress/house-bill/4152,118th Congress (2023-2024),Space Resources Institute Act,"Caraveo, Yadira [Rep.-D-CO-8]",06/15/2023,"House - Science, Space, and Technology","Placed on the Union Calendar, Calendar No. 503.",07/23/2024,4,,,,,
H.R. 8997,https://www.congress.gov/bill/118th-congress/house-bill/8997,118th Congress (2023-2024),"Energy and Water Development and Related Agencies Appropriations Act, 2025","Fleischmann, Charles J. ""Chuck"" [Rep.-R-TN-3]",07/11/2024,House - Appropriations,"POSTPONED PROCEEDINGS - Pursuant to clause 1(c) of rule XIX, the Chair announced further proceedings on H.R. 8997 would be postponed.",07/23/2024,0,,,,,
H.R. 1631,https://www.congress.gov/bill/118th-congress/house-bill/1631,118th Congress (2023-2024),Pro Codes Act,"Issa, Darrell E. [Rep.-R-CA-48]",03/17/2023,House - Judiciary,"On motion to suspend the rules and pass the bill, as amended Failed by the Yeas and Nays: (2/3 required): 248 - 127 (Roll no. 357).",07/22/2024,19,,,,,
H.R. 7462,https://www.congress.gov/bill/118th-congress/house-bill/7462,118th Congress (2023-2024),Wildfire Insurance Coverage Study Act of 2024,"Waters, Maxine [Rep.-D-CA-43]",02/26/2024,House - Financial Services,"Placed on the Union Calendar, Calendar No. 489.",07/18/2024,0,,,,,
H.R. 6864,https://www.congress.gov/bill/118th-congress/house-bill/6864,118th Congress (2023-2024),HUD Accountability Act of 2024,"Lawler, Michael [Rep.-R-NY-17]",12/19/2023,House - Financial Services,"Placed on the Union Calendar, Calendar No. 488.",07/18/2024,4,,,,,
H.R. 6452,https://www.congress.gov/bill/118th-congress/house-bill/6452,118th Congress (2023-2024),VSAFE Act of 2024,"Stefanik, Elise M. [Rep.-R-NY-21]",11/17/2023,House - Veterans' Affairs,"Placed on the Union Calendar, Calendar No. 499.",07/18/2024,8,,,,,
H.R. 8606,https://www.congress.gov/bill/118th-congress/house-bill/8606,118th Congress (2023-2024),Never Again Education Reauthorization and Study Act of 2024,"Carter, Earl L. ""Buddy"" [Rep.-R-GA-1]",06/04/2024,House - Education and the Workforce,"Placed on the Union Calendar, Calendar No. 498.",07/18/2024,8,,,,,
H.R. 8648,https://www.congress.gov/bill/118th-congress/house-bill/8648,118th Congress (2023-2024),Civil Rights Protection Act of 2024,"Chavez-DeRemer, Lori [Rep.-R-OR-5]",06/07/2024,House - Education and the Workforce,"Placed on the Union Calendar, Calendar No. 493.",07/18/2024,0,,,,,
H.R. 6538,https://www.congress.gov/bill/118th-congress/house-bill/6538,118th Congress (2023-2024),VA Correct Compensation Act of 2023,"Takano, Mark [Rep.-D-CA-39]",11/30/2023,House - Veterans' Affairs,"Placed on the Union Calendar, Calendar No. 494.",07/18/2024,40,,,,,
H.R. 5938,https://www.congress.gov/bill/118th-congress/house-bill/5938,118th Congress (2023-2024),Veterans Exam Expansion Act of 2023,"Ciscomani, Juan [Rep.-R-AZ-6]",10/12/2023,House - Veterans' Affairs,"Placed on the Union Calendar, Calendar No. 492.",07/18/2024,4,,,,,
H.J.Res. 148,https://www.congress.gov/bill/118th-congress/house-joint-resolution/148,118th Congress (2023-2024),"Providing for congressional disapproval under chapter 8 of title 5, United States Code, of the rule submitted by the Department of the Treasury relating to ""Clean Vehicle Credits Under Sections 25E and 30D; Transfer of Credits; Critical Minerals and Battery Components; Foreign Entities of Concern"".","Miller, Carol D. [Rep.-R-WV-1]",05/16/2024,House - Ways and Means,"Placed on the Union Calendar, Calendar No. 495.",07/18/2024,14,,,,,
H.R. 7156,https://www.congress.gov/bill/118th-congress/house-bill/7156,118th Congress (2023-2024),Combating Money Laundering in Cyber Crime Act of 2024,"Fitzgerald, Scott [Rep.-R-WI-5]",01/31/2024,"House - Financial Services, Judiciary","Placed on the Union Calendar, Calendar No. 490.",07/18/2024,8,,,,,
H.R. 9028,https://www.congress.gov/bill/118th-congress/house-bill/9028,118th Congress (2023-2024),"Transportation, Housing and Urban Development, and Related Agencies Appropriations Act, 2025","Womack, Steve [Rep.-R-AR-3]",07/12/2024,House - Appropriations,"Placed on the Union Calendar, Calendar No. 484.",07/12/2024,0,,,,,
H.R. 4581,https://www.congress.gov/bill/118th-congress/house-bill/4581,118th Congress (2023-2024),Maternal and Child Health Stillbirth Prevention Act of 2024,"Hinson, Ashley [Rep.-R-IA-2]",07/12/2023,House - Energy and Commerce,Became Public Law No: 118-69.,07/12/2024,62,,,,,
H.R. 9027,https://www.congress.gov/bill/118th-congress/house-bill/9027,118th Congress (2023-2024),"Agriculture, Rural Development, Food and Drug Administration, and Related Agencies Appropriations Act, 2025","Harris, Andy [Rep.-R-MD-1]",07/12/2024,House - Appropriations,"Placed on the Union Calendar, Calendar No. 483.",07/12/2024,0,,,,,
H.R. 9029,https://www.congress.gov/bill/118th-congress/house-bill/9029,118th Congress (2023-2024),"Departments of Labor, Health and Human Services, and Education, and Related Agencies Appropriations Act, 2025","Aderholt, Robert B. [Rep.-R-AL-4]",07/12/2024,House - Appropriations,"Placed on the Union Calendar, Calendar No. 485.",07/12/2024,0,,,,,
H.R. 1240,https://www.congress.gov/bill/118th-congress/house-bill/1240,118th Congress (2023-2024),Winnebago Land Transfer Act of 2023,"Feenstra, Randy [Rep.-R-IA-4]",02/28/2023,House - Natural Resources | Senate - Indian Affairs,Became Public Law No: 118-68.,07/12/2024,7,,,,,
H.J.Res. 109,https://www.congress.gov/bill/118th-congress/house-joint-resolution/109,118th Congress (2023-2024),"Providing for congressional disapproval under chapter 8 of title 5, United States Code, of the rule submitted by the Securities and Exchange Commission relating to ""Staff Accounting Bulletin No. 121"".","Flood, Mike [Rep.-R-NE-1]",02/01/2024,House - Financial Services,The Chair directed the Clerk to notify the Senate of the action of the House.,07/11/2024,4,,,,,
H.R. 9026,https://www.congress.gov/bill/118th-congress/house-bill/9026,118th Congress (2023-2024),"Commerce, Justice, Science, and Related Agencies Appropriations Act, 2025","Rogers, Harold [Rep.-R-KY-5]",07/11/2024,House - Appropriations,"Placed on the Union Calendar, Calendar No. 482.",07/11/2024,0,,,,,
H.R. 8772,https://www.congress.gov/bill/118th-congress/house-bill/8772,118th Congress (2023-2024),"Legislative Branch Appropriations Act, 2025","Valadao, David G. [Rep.-R-CA-22]",06/17/2024,House - Appropriations,Motion to reconsider laid on the table Agreed to without objection.,07/11/2024,0,,,,,
H.R. 4848,https://www.congress.gov/bill/118th-congress/house-bill/4848,118th Congress (2023-2024),Censorship Accountability Act,"Bishop, Dan [Rep.-R-NC-8]",07/25/2023,House - Judiciary,"Placed on the Union Calendar, Calendar No. 479.",07/11/2024,38,,,,,
H.R. 7637,https://www.congress.gov/bill/118th-congress/house-bill/7637,118th Congress (2023-2024),Refrigerator Freedom Act,"Miller-Meeks, Mariannette [Rep.-R-IA-1]",03/12/2024,House - Energy and Commerce | Senate - Energy and Natural Resources,Received in the Senate and Read twice and referred to the Committee on Energy and Natural Resources.,07/10/2024,0,,,,,
H.R. 7700,https://www.congress.gov/bill/118th-congress/house-bill/7700,118th Congress (2023-2024),Stop Unaffordable Dishwasher Standards Act,"Langworthy, Nicholas A. [Rep.-R-NY-23]",03/15/2024,House - Energy and Commerce | Senate - Energy and Natural Resources,Received in the Senate and Read twice and referred to the Committee on Energy and Natural Resources.,07/10/2024,4,,,,,
H.Res. 1341,https://www.congress.gov/bill/118th-congress/house-resolution/1341,118th Congress (2023-2024),"Providing for consideration of the bill (H.R. 8281) to amend the National Voter Registration Act of 1993 to require proof of United States citizenship to register an individual to vote in elections for Federal office, and for other purposes; providing for consideration of the joint resolution (H.J. Res. 165) providing for congressional disapproval under chapter 8 of title 5, United States Code, of the rule submitted by the Department of Education relating to ""Nondiscrimination on the Basis of Sex in Education Programs or Activities Receiving Federal Financial Assistance""; providing for consideration of the bill (H.R. 8772) making appropriations for the Legislative Branch for the fiscal year ending September 30, 2025, and for other purposes; providing for consideration of the bill (H.R. 7700) to prohibit the Secretary of Energy from prescribing or enforcing energy conservation standards for dishwashers that are not cost-effective or technologically feasible, and for other purposes; and providing for consideration of the bill (H.R. 7637) to prohibit the Secretary of Energy from prescribing or enforcing energy conservation standards for refrigerators, refrigerator-freezers, and freezers that are not cost-effective or technologically feasible, and for other purposes.","Burgess, Michael C. [Rep.-R-TX-26]",07/09/2024,House - Rules,Motion to reconsider laid on the table Agreed to without objection.,07/09/2024,0,,,,,
H.R. 5441,https://www.congress.gov/bill/118th-congress/house-bill/5441,118th Congress (2023-2024),Long Island Sound Restoration and Stewardship Reauthorization Act of 2023,"LaLota, Nick [Rep.-R-NY-1]",09/13/2023,"House - Natural Resources, Transportation and Infrastructure | Senate - Environment and Public Works",Received in the Senate and Read twice and referred to the Committee on Environment and Public Works.,07/09/2024,7,,,,,
H.R. 897,https://www.congress.gov/bill/118th-congress/house-bill/897,118th Congress (2023-2024),Alabama Underwater Forest National Marine Sanctuary and Protection Act,"Carl, Jerry L. [Rep.-R-AL-1]",02/09/2023,"House - Natural Resources | Senate - Commerce, Science, and Transportation","Received in the Senate and Read twice and referred to the Committee on Commerce, Science, and Transportation.",07/09/2024,6,,,,,
H.R. 3299,https://www.congress.gov/bill/118th-congress/house-bill/3299,118th Congress (2023-2024),DIGITAL Applications Act,"Cammack, Kat [Rep.-R-FL-3]",05/15/2023,"House - Energy and Commerce, Natural Resources, Agriculture",Subcommittee Hearings Held,07/09/2024,1,,,,,
H.R. 6493,https://www.congress.gov/bill/118th-congress/house-bill/6493,118th Congress (2023-2024),Promoting Free and Fair Elections Act of 2023,"Hageman, Harriet M. [Rep.-R-WY-At Large]",11/29/2023,"House - House Administration, Judiciary, Oversight and Accountability, Science, Space, and Technology, Education and the Workforce","Placed on the Union Calendar, Calendar No. 478.",07/08/2024,3,,,,,
H.R. 8070,https://www.congress.gov/bill/118th-congress/house-bill/8070,118th Congress (2023-2024),Servicemember Quality of Life Improvement and National Defense Authorization Act for Fiscal Year 2025,"Rogers, Mike D. [Rep.-R-AL-3]",04/18/2024,House - Armed Services,Received in the Senate.,07/08/2024,14,,,,,
H.R. 8649,https://www.congress.gov/bill/118th-congress/house-bill/8649,118th Congress (2023-2024),Transparency in Reporting of Adversarial Contributions to Education Act,"Bean, Aaron [Rep.-R-FL-4]",06/07/2024,House - Education and the Workforce,"Placed on the Union Calendar, Calendar No. 476.",07/05/2024,0,,,,,
H.R. 6816,https://www.congress.gov/bill/118th-congress/house-bill/6816,118th Congress (2023-2024),PROTECT Our Kids Act,"Hern, Kevin [Rep.-R-OK-1]",12/14/2023,House - Education and the Workforce,"Placed on the Union Calendar, Calendar No. 475.",07/05/2024,37,,,,,
H.R. 5567,https://www.congress.gov/bill/118th-congress/house-bill/5567,118th Congress (2023-2024),CLASS Act,"Joyce, David P. [Rep.-R-OH-14]",09/19/2023,House - Education and the Workforce,"Placed on the Union Calendar, Calendar No. 473.",07/05/2024,15,,,,,
H.R. 618,https://www.congress.gov/bill/118th-congress/house-bill/618,118th Congress (2023-2024),Improving Access to Workers’ Compensation for Injured Federal Workers Act,"Walberg, Tim [Rep.-R-MI-5]",01/30/2023,House - Education and the Workforce,"Placed on the Union Calendar, Calendar No. 472.",07/05/2024,55,,,,,
H.R. 8534,https://www.congress.gov/bill/118th-congress/house-bill/8534,118th Congress (2023-2024),Protecting Student Athletes’ Economic Freedom Act of 2024,"Good, Bob [Rep.-R-VA-5]",05/23/2024,House - Education and the Workforce,"Placed on the Union Calendar, Calendar No. 474.",07/05/2024,10,,,,,
H.R. 2365,https://www.congress.gov/bill/118th-congress/house-bill/2365,118th Congress (2023-2024),Dr. Emmanuel Bilirakis and Honorable Jennifer Wexton National Plan to End Parkinson’s Act,"Bilirakis, Gus M. [Rep.-R-FL-12]",03/29/2023,"House - Energy and Commerce | Senate - Health, Education, Labor, and Pensions",Became Public Law No: 118-66.,07/02/2024,172,,,,,
H.R. 8290,https://www.congress.gov/bill/118th-congress/house-bill/8290,118th Congress (2023-2024),Foreign Grant Reporting Act,"Smucker, Lloyd [Rep.-R-PA-11]",05/08/2024,House - Ways and Means,"Placed on the Union Calendar, Calendar No. 470.",06/28/2024,2,,,,,
H.R. 8752,https://www.congress.gov/bill/118th-congress/house-bill/8752,118th Congress (2023-2024),"Department of Homeland Security Appropriations Act, 2025","Amodei, Mark E. [Rep.-R-NV-2]",06/14/2024,House - Appropriations,"The Clerk was authorized to correct section numbers, punctuation, and cross references, and to make other necessary technical and conforming corrections in the engrossment of H.R. 8752.",06/28/2024,0,,,,,
H.Con.Res. 117,https://www.congress.gov/bill/118th-congress/house-concurrent-resolution/117,118th Congress (2023-2024),Establishing the congressional budget for the United States Government for fiscal year 2025 and setting forth the appropriate budgetary levels for fiscal years 2026 through 2034.,"Arrington, Jodey C. [Rep.-R-TX-19]",06/27/2024,House - Budget,"Placed on the Union Calendar, Calendar No. 469.",06/27/2024,0,,,,,
H.R. 6368,https://www.congress.gov/bill/118th-congress/house-bill/6368,118th Congress (2023-2024),Indian Buffalo Management Act,"LaMalfa, Doug [Rep.-R-CA-1]",11/13/2023,House - Natural Resources,"Placed on the Union Calendar, Calendar No. 465.",06/27/2024,6,,,,,
H.Res. 1316,https://www.congress.gov/bill/118th-congress/house-resolution/1316,118th Congress (2023-2024),"Providing for consideration of the bill (H.R. 8774) making appropriations for the Department of Defense for the fiscal year ending September 30, 2025, and for other purposes; providing for consideration of the bill (H.R. 8771) making appropriations for the Department of State, foreign operations, and related programs for the fiscal year ending September 30, 2025, and for other purposes; and providing for consideration of the bill (H.R. 8752) making appropriations for the Department of Homeland Security for the fiscal year ending September 30, 2025, and for other purposes.","Scott, Austin [Rep.-R-GA-8]",06/25/2024,House - Rules,Motion to reconsider laid on the table Agreed to without objection.,06/26/2024,0,,,,,
H.R. 8773,https://www.congress.gov/bill/118th-congress/house-bill/8773,118th Congress (2023-2024),"Financial Services and General Government Appropriations Act, 2025","Joyce, David P. [Rep.-R-OH-14]",06/17/2024,House - Appropriations,"Placed on the Union Calendar, Calendar No. 459.",06/17/2024,0,,,,,
H.R. 7984,https://www.congress.gov/bill/118th-congress/house-bill/7984,118th Congress (2023-2024),Rural Small Business Resilience Act,"Pappas, Chris [Rep.-D-NH-1]",04/15/2024,House - Small Business | Senate - Small Business and Entrepreneurship,Received in the Senate and Read twice and referred to the Committee on Small Business and Entrepreneurship.,06/12/2024,3,,,,,
H.Res. 1287,https://www.congress.gov/bill/118th-congress/house-resolution/1287,118th Congress (2023-2024),"Providing for consideration of the bill (H.R. 8070) to authorize appropriations for fiscal year 2025 for military activities of the Department of Defense, for military construction, and for defense activities of the Department of Energy, to prescribe military personnel strengths for such fiscal year; relating to the consideration of House Report 118-527 and an accompanying resolution; and for other purposes.","Scott, Austin [Rep.-R-GA-8]",06/11/2024,House - Rules,Motion to reconsider laid on the table Agreed to without objection.,06/12/2024,0,,,,,
H.R. 7988,https://www.congress.gov/bill/118th-congress/house-bill/7988,118th Congress (2023-2024),SPUR Act,"Stauber, Pete [Rep.-R-MN-8]",04/15/2024,House - Small Business | Senate - Small Business and Entrepreneurship,Received in the Senate and Read twice and referred to the Committee on Small Business and Entrepreneurship.,06/12/2024,1,,,,,
H.R. 7989,https://www.congress.gov/bill/118th-congress/house-bill/7989,118th Congress (2023-2024),ThinkDIFFERENTLY About Disability Employment Act,"Molinaro, Marcus J. [Rep.-R-NY-19]",04/15/2024,House - Small Business | Senate - Small Business and Entrepreneurship,Received in the Senate and Read twice and referred to the Committee on Small Business and Entrepreneurship.,06/12/2024,1,,,,,
H.R. 6543,https://www.congress.gov/bill/118th-congress/house-bill/6543,118th Congress (2023-2024),No Hidden FEES Act of 2023,"Kim, Young [Rep.-R-CA-40]",12/01/2023,"House - Energy and Commerce | Senate - Commerce, Science, and Transportation","Received in the Senate and Read twice and referred to the Committee on Commerce, Science, and Transportation.",06/12/2024,3,,,,,
H.R. 2964,https://www.congress.gov/bill/118th-congress/house-bill/2964,118th Congress (2023-2024),WIPPES Act,"McClain, Lisa C. [Rep.-R-MI-9]",04/27/2023,"House - Energy and Commerce | Senate - Commerce, Science, and Transportation","Received in the Senate and Read twice and referred to the Committee on Commerce, Science, and Transportation.",06/12/2024,3,,,,,
H.R. 8014,https://www.congress.gov/bill/118th-congress/house-bill/8014,118th Congress (2023-2024),Transparency and Predictability in Small Business Opportunities Act,"Mfume, Kweisi [Rep.-D-MD-7]",04/16/2024,House - Small Business | Senate - Small Business and Entrepreneurship,Received in the Senate and Read twice and referred to the Committee on Small Business and Entrepreneurship.,06/12/2024,1,,,,,
H.R. 5074,https://www.congress.gov/bill/118th-congress/house-bill/5074,118th Congress (2023-2024),Kidney PATIENT Act of 2023,"Carter, Earl L. ""Buddy"" [Rep.-R-GA-1]",07/28/2023,"House - Ways and Means, Energy and Commerce","Reported (Amended) by the Committee on Ways and Means. H. Rept. 118-548, Part I.",06/11/2024,45,,,,,
H.R. 7512,https://www.congress.gov/bill/118th-congress/house-bill/7512,118th Congress (2023-2024),Real-Time Benefit Tool Implementation Act,"Arrington, Jodey C. [Rep.-R-TX-19]",03/01/2024,"House - Ways and Means, Energy and Commerce","Reported (Amended) by the Committee on Ways and Means. H. Rept. 118-549, Part I.",06/11/2024,1,,,,,
H.R. 192,https://www.congress.gov/bill/118th-congress/house-bill/192,118th Congress (2023-2024),To prohibit individuals who are not citizens of the United States from voting in elections in the District of Columbia and to repeal the Local Resident Voting Rights Amendment Act of 2022,"Pfluger, August [Rep.-R-TX-11]",01/09/2023,House - Oversight and Accountability,Read the second time. Placed on Senate Legislative Calendar under General Orders. Calendar No. 414.,06/04/2024,24,,,,,
H.Res. 1269,https://www.congress.gov/bill/118th-congress/house-resolution/1269,118th Congress (2023-2024),"Providing for consideration of the bill (H.R. 8580) making appropriations for military construction, the Department of Veterans Affairs, and related agencies for the fiscal year ending September 30, 2025, and for other purposes, and providing for consideration of the bill (H.R. 8282) to impose sanctions with respect to the International Criminal Court engaged in any effort to investigate, arrest, detain, or prosecute any protected person of the United States and its allies.","Reschenthaler, Guy [Rep.-R-PA-14]",06/03/2024,House - Rules,Motion to reconsider laid on the table Agreed to without objection.,06/04/2024,0,,,,,
H.R. 6418,https://www.congress.gov/bill/118th-congress/house-bill/6418,118th Congress (2023-2024),Empower Charter School Educators to Lead Act,"Letlow, Julia [Rep.-R-LA-5]",11/15/2023,House - Education and the Workforce,"Placed on the Union Calendar, Calendar No. 449.",06/04/2024,5,,,,,
H.R. 784,https://www.congress.gov/bill/118th-congress/house-bill/784,118th Congress (2023-2024),Internet Application I.D. Act,"Fulcher, Russ [Rep.-R-ID-1]",02/02/2023,House - Energy and Commerce,"Placed on the Union Calendar, Calendar No. 445.",06/04/2024,3,,,,,
H.R. 7321,https://www.congress.gov/bill/118th-congress/house-bill/7321,118th Congress (2023-2024),Electronic Filing of Electioneering Communication Reports Act,"Morelle, Joseph D. [Rep.-D-NY-25]",02/13/2024,House - House Administration,"Placed on the Union Calendar, Calendar No. 444.",06/03/2024,2,,,,,
H.R. 5403,https://www.congress.gov/bill/118th-congress/house-bill/5403,118th Congress (2023-2024),CBDC Anti-Surveillance State Act,"Emmer, Tom [Rep.-R-MN-6]",09/12/2023,"House - Financial Services | Senate - Banking, Housing, and Urban Affairs","Received in the Senate and Read twice and referred to the Committee on Banking, Housing, and Urban Affairs.",06/03/2024,165,,,,,
H.R. 4646,https://www.congress.gov/bill/118th-congress/house-bill/4646,118th Congress (2023-2024),SIREN Reauthorization Act,"Joyce, David P. [Rep.-R-OH-14]",07/14/2023,House - Energy and Commerce,"Placed on the Union Calendar, Calendar No. 443.",05/31/2024,22,,,,,
H.R. 620,https://www.congress.gov/bill/118th-congress/house-bill/620,118th Congress (2023-2024),Alzheimer’s Accountability and Investment Act,"Smith, Christopher H. [Rep.-R-NJ-4]",01/30/2023,House - Energy and Commerce,"Placed on the Union Calendar, Calendar No. 442.",05/31/2024,101,,,,,
H.R. 750,https://www.congress.gov/bill/118th-congress/house-bill/750,118th Congress (2023-2024),CAUTION Act of 2023,"Cammack, Kat [Rep.-R-FL-3]",02/02/2023,House - Energy and Commerce,"Placed on the Union Calendar, Calendar No. 441.",05/31/2024,3,,,,,
H.R. 3916,https://www.congress.gov/bill/118th-congress/house-bill/3916,118th Congress (2023-2024),SCREENS for Cancer Act of 2024,"Morelle, Joseph D. [Rep.-D-NY-25]",06/07/2023,House - Energy and Commerce,"Placed on the Union Calendar, Calendar No. 437.",05/24/2024,56,,,,,
H.R. 619,https://www.congress.gov/bill/118th-congress/house-bill/619,118th Congress (2023-2024),NAPA Reauthorization Act,"Tonko, Paul [Rep.-D-NY-20]",01/30/2023,House - Energy and Commerce,"Placed on the Union Calendar, Calendar No. 438.",05/24/2024,144,,,,,
H.R. 7987,https://www.congress.gov/bill/118th-congress/house-bill/7987,118th Congress (2023-2024),Plain Language in Contracting Act,"LaLota, Nick [Rep.-R-NY-1]",04/15/2024,House - Small Business | Senate - Small Business and Entrepreneurship,Placed on Senate Legislative Calendar under General Orders. Calendar No. 409.,05/23/2024,1,,,,,
H.R. 1166,https://www.congress.gov/bill/118th-congress/house-bill/1166,118th Congress (2023-2024),Public Health Emergency Medical Supplies Enhancement Act of 2023,"Vargas, Juan [Rep.-D-CA-52]",02/24/2023,House - Financial Services,"Placed on the Union Calendar, Calendar No. 436.",05/23/2024,1,,,,,
H.R. 555,https://www.congress.gov/bill/118th-congress/house-bill/555,118th Congress (2023-2024),SAVE Act of 2023,"Hill, J. French [Rep.-R-AR-2]",01/26/2023,House - Financial Services,"Placed on the Union Calendar, Calendar No. 435.",05/23/2024,3,,,,,
H.R. 4688,https://www.congress.gov/bill/118th-congress/house-bill/4688,118th Congress (2023-2024),To direct the Administrator of General Services to sell the property known as the Webster School.,"Norton, Eleanor Holmes [Del.-D-DC-At Large]",07/17/2023,House - Transportation and Infrastructure | Senate - Environment and Public Works,Placed on Senate Legislative Calendar under General Orders. Calendar No. 405.,05/22/2024,1,,,,,
H.R. 6248,https://www.congress.gov/bill/118th-congress/house-bill/6248,118th Congress (2023-2024),Think Differently Transportation Act,"Molinaro, Marcus J. [Rep.-R-NY-19]",11/06/2023,"House - Transportation and Infrastructure | Senate - Commerce, Science, and Transportation","Received in the Senate and Read twice and referred to the Committee on Commerce, Science, and Transportation.",05/22/2024,18,,,,,
H.R. 5754,https://www.congress.gov/bill/118th-congress/house-bill/5754,118th Congress (2023-2024),"To designate the United States courthouse located at 350 W. 1st Street, Los Angeles, California, as the ""Felicitas and Gonzalo Mendez United States Courthouse"".","Gomez, Jimmy [Rep.-D-CA-34]",09/27/2023,House - Transportation and Infrastructure | Senate - Environment and Public Works,Received in the Senate and Read twice and referred to the Committee on Environment and Public Works.,05/22/2024,64,,,,,
H.Res. 1243,https://www.congress.gov/bill/118th-congress/house-resolution/1243,118th Congress (2023-2024),"Providing for consideration of the bill (H.R. 4763) to provide for a system of regulation of digital assets by the Commodity Futures Trading Commission and the Securities and Exchange Commission, and for other purposes; providing for consideration of the bill (H.R. 5403) to amend the Federal Reserve Act to prohibit the Federal reserve banks from offering certain products or services directly to an individual, to prohibit the use of central bank digital currency for monetary policy, and for other purposes; and providing for consideration of the bill (H.R. 192) to prohibit individuals who are not citizens of the United States from voting in elections in the District of Columbia.","Houchin, Erin [Rep.-R-IN-9]",05/21/2024,House - Rules,Motion to reconsider laid on the table Agreed to without objection.,05/22/2024,0,,,,,
H.R. 3317,https://www.congress.gov/bill/118th-congress/house-bill/3317,118th Congress (2023-2024),Rolling Stock Protection Act,"Crawford, Eric A. ""Rick"" [Rep.-R-AR-1]",05/15/2023,"House - Transportation and Infrastructure | Senate - Banking, Housing, and Urban Affairs","Received in the Senate and Read twice and referred to the Committee on Banking, Housing, and Urban Affairs.",05/22/2024,7,,,,,
H.R. 7153,https://www.congress.gov/bill/118th-congress/house-bill/7153,118th Congress (2023-2024),Dr. Lorna Breen Health Care Provider Protection Reauthorization Act,"Wild, Susan [Rep.-D-PA-7]",01/30/2024,House - Energy and Commerce,"Placed on the Union Calendar, Calendar No. 427.",05/21/2024,10,,,,,
H.R. 354,https://www.congress.gov/bill/118th-congress/house-bill/354,118th Congress (2023-2024),LEOSA Reform Act of 2024,"Bacon, Don [Rep.-R-NE-2]",01/13/2023,House - Judiciary | Senate - Judiciary,Received in the Senate and Read twice and referred to the Committee on the Judiciary.,05/20/2024,43,,,,,
H.R. 8146,https://www.congress.gov/bill/118th-congress/house-bill/8146,118th Congress (2023-2024),Police Our Border Act,"D'Esposito, Anthony [Rep.-R-NY-4]",04/29/2024,House - Judiciary | Senate - Judiciary,Received in the Senate and Read twice and referred to the Committee on the Judiciary.,05/20/2024,0,,,,,
H.R. 7251,https://www.congress.gov/bill/118th-congress/house-bill/7251,118th Congress (2023-2024),Poison Control Centers Reauthorization Act of 2024,"Chavez-DeRemer, Lori [Rep.-R-OR-5]",02/06/2024,House - Energy and Commerce,"Placed on the Union Calendar, Calendar No. 425.",05/17/2024,7,,,,,
H.R. 6571,https://www.congress.gov/bill/118th-congress/house-bill/6571,118th Congress (2023-2024),Promoting Resilient Supply Chains Act of 2023,"Bucshon, Larry [Rep.-R-IN-8]",12/04/2023,"House - Energy and Commerce | Senate - Commerce, Science, and Transportation","Received in the Senate and Read twice and referred to the Committee on Commerce, Science, and Transportation.",05/16/2024,9,,,,,
H.R. 7343,https://www.congress.gov/bill/118th-congress/house-bill/7343,118th Congress (2023-2024),Detain and Deport Illegal Aliens Who Assault Cops Act,"Van Drew, Jefferson [Rep.-R-NJ-2]",02/13/2024,House - Judiciary | Senate - Judiciary,Received in the Senate and Read twice and referred to the Committee on the Judiciary.,05/16/2024,10,,,,,
H.R. 7581,https://www.congress.gov/bill/118th-congress/house-bill/7581,118th Congress (2023-2024),Improving Law Enforcement Officer Safety and Wellness Through Data Act,"Bishop, Dan [Rep.-R-NC-8]",03/07/2024,House - Judiciary | Senate - Judiciary,Received in the Senate and Read twice and referred to the Committee on the Judiciary.,05/16/2024,25,,,,,
H.R. 7530,https://www.congress.gov/bill/118th-congress/house-bill/7530,118th Congress (2023-2024),DC CRIMES Act of 2024,"Donalds, Byron [Rep.-R-FL-19]",03/05/2024,House - Oversight and Accountability | Senate - Homeland Security and Governmental Affairs,Received in the Senate and Read twice and referred to the Committee on Homeland Security and Governmental Affairs.,05/16/2024,4,,,,,
H.R. 3935,https://www.congress.gov/bill/118th-congress/house-bill/3935,118th Congress (2023-2024),FAA Reauthorization Act of 2024,"Graves, Sam [Rep.-R-MO-6]",06/09/2023,House - Transportation and Infrastructure,Became Public Law No: 118-63.,05/16/2024,3,,,,,
H.R. 3950,https://www.congress.gov/bill/118th-congress/house-bill/3950,118th Congress (2023-2024),TICKET Act,"Bilirakis, Gus M. [Rep.-R-FL-12]",06/09/2023,"House - Energy and Commerce | Senate - Commerce, Science, and Transportation","Received in the Senate and Read twice and referred to the Committee on Commerce, Science, and Transportation.",05/16/2024,17,,,,,
H.R. 6572,https://www.congress.gov/bill/118th-congress/house-bill/6572,118th Congress (2023-2024),Deploying American Blockchains Act of 2023,"Bucshon, Larry [Rep.-R-IN-8]",12/04/2023,"House - Energy and Commerce | Senate - Commerce, Science, and Transportation","Received in the Senate and Read twice and referred to the Committee on Commerce, Science, and Transportation.",05/16/2024,3,,,,,
H.R. 4310,https://www.congress.gov/bill/118th-congress/house-bill/4310,118th Congress (2023-2024),Youth Poisoning Protection Act,"Trahan, Lori [Rep.-D-MA-3]",06/22/2023,"House - Energy and Commerce | Senate - Commerce, Science, and Transportation","Received in the Senate and Read twice and referred to the Committee on Commerce, Science, and Transportation.",05/16/2024,8,,,,,
H.R. 1797,https://www.congress.gov/bill/118th-congress/house-bill/1797,118th Congress (2023-2024),Setting Consumer Standards for Lithium-Ion Batteries Act,"Torres, Ritchie [Rep.-D-NY-15]",03/24/2023,"House - Energy and Commerce | Senate - Commerce, Science, and Transportation","Received in the Senate and Read twice and referred to the Committee on Commerce, Science, and Transportation.",05/16/2024,22,,,,,
H.R. 4510,https://www.congress.gov/bill/118th-congress/house-bill/4510,118th Congress (2023-2024),NTIA Reauthorization Act of 2024,"Latta, Robert E. [Rep.-R-OH-5]",07/10/2023,"House - Energy and Commerce | Senate - Commerce, Science, and Transportation","Received in the Senate and Read twice and referred to the Committee on Commerce, Science, and Transportation.",05/16/2024,1,,,,,
H.Res. 1227,https://www.congress.gov/bill/118th-congress/house-resolution/1227,118th Congress (2023-2024),"Providing for consideration of the bill (H.R. 8369) to provide for the expeditious delivery of defense articles and defense services for Israel and other matters; providing for consideration of the bill (H.R. 7530) to limit youth offender status in the District of Columbia to individuals 18 years of age or younger, to direct the Attorney General of the District of Columbia to establish and operate a publicly accessible website containing updated statistics on juvenile crime in the District of Columbia, to amend the District of Columbia Home Rule Act to prohibit the Council of the District of Columbia from enacting changes to existing criminal liability sentences, and for other purposes; providing for consideration of the bill (H.R. 7343) to amend the Immigration and Nationality Act to provide for the detention of certain aliens who commit assault against law enforcement officers; providing for consideration of the bill (H.R. 8146) to require a report by the Attorney General on the impact the border crisis is having on law enforcement at the Federal, State, local, and Tribal level; providing for consideration of the bill (H.R. 7581) to require the Attorney General to develop reports relating to violent attacks against law enforcement officers, and for other purposes; providing for consideration of the bill (H.R. 354) to amend title 18, United States Code, to improve the Law Enforcement Officer Safety Act and provisions relating to the carrying of concealed weapons by law enforcement officers, and for other purposes; providing for consideration of the resolution (H. Res. 1213) a resolution regarding violence against law enforcement officers; and providing for consideration of the resolution (H. Res. 1210) condemning the Biden border crisis and the tremendous burdens law enforcement officers face as a result.","Langworthy, Nicholas A. [Rep.-R-NY-23]",05/15/2024,House - Rules,Motion to reconsider laid on the table Agreed to without objection.,05/15/2024,0,,,,,
H.R. 7659,https://www.congress.gov/bill/118th-congress/house-bill/7659,118th Congress (2023-2024),Coast Guard Authorization Act of 2024,"Graves, Sam [Rep.-R-MO-6]",03/13/2024,"House - Transportation and Infrastructure | Senate - Commerce, Science, and Transportation","Received in the Senate and Read twice and referred to the Committee on Commerce, Science, and Transportation.",05/15/2024,4,,,,,
H.R. 4814,https://www.congress.gov/bill/118th-congress/house-bill/4814,118th Congress (2023-2024),Consumer Safety Technology Act,"Soto, Darren [Rep.-D-FL-9]",07/20/2023,"House - Energy and Commerce | Senate - Commerce, Science, and Transportation","Received in the Senate and Read twice and referred to the Committee on Commerce, Science, and Transportation.",05/15/2024,4,,,,,
H.R. 6132,https://www.congress.gov/bill/118th-congress/house-bill/6132,118th Congress (2023-2024),Awning Safety Act of 2023,"Balderson, Troy [Rep.-R-OH-12]",11/01/2023,"House - Energy and Commerce | Senate - Commerce, Science, and Transportation","Received in the Senate and Read twice and referred to the Committee on Commerce, Science, and Transportation.",05/15/2024,3,,,,,
H.R. 5390,https://www.congress.gov/bill/118th-congress/house-bill/5390,118th Congress (2023-2024),Critical Infrastructure Manufacturing Feasibility Act,"Miller-Meeks, Mariannette [Rep.-R-IA-1]",09/12/2023,"House - Energy and Commerce | Senate - Commerce, Science, and Transportation","Received in the Senate and Read twice and referred to the Committee on Commerce, Science, and Transportation.",05/15/2024,7,,,,,
H.R. 2717,https://www.congress.gov/bill/118th-congress/house-bill/2717,118th Congress (2023-2024),Hershel Woody Williams National Medal of Honor Monument Location Act,"Moore, Blake D. [Rep.-R-UT-1]",04/19/2023,House - Natural Resources | Senate - Energy and Natural Resources,Committee on Energy and Natural Resources Subcommittee on National Parks. Hearings held.,05/15/2024,34,,,,,
H.R. 7319,https://www.congress.gov/bill/118th-congress/house-bill/7319,118th Congress (2023-2024),End Zuckerbucks Act of 2024,"Tenney, Claudia [Rep.-R-NY-24]",02/13/2024,"House - House Administration, Ways and Means","Reported (Amended) by the Committee on House Administration. H. Rept. 118-509, Part I.",05/14/2024,1,,,,,
H.R. 7109,https://www.congress.gov/bill/118th-congress/house-bill/7109,118th Congress (2023-2024),Equal Representation Act,"Edwards, Chuck [Rep.-R-NC-11]",01/29/2024,House - Oversight and Accountability,Read the second time. Placed on Senate Legislative Calendar under General Orders. Calendar No. 386.,05/14/2024,114,,,,,
H.R. 1042,https://www.congress.gov/bill/118th-congress/house-bill/1042,118th Congress (2023-2024),Prohibiting Russian Uranium Imports Act,"McMorris Rodgers, Cathy [Rep.-R-WA-5]",02/14/2023,House - Energy and Commerce,Became Public Law No: 118-62.,05/13/2024,6,,,,,
H.Con.Res. 83,https://www.congress.gov/bill/118th-congress/house-concurrent-resolution/83,118th Congress (2023-2024),Authorizing the use of the Capitol Grounds for the National Peace Officers Memorial Service and the National Honor Guard and Pipe Band Exhibition.,"Perry, Scott [Rep.-R-PA-10]",01/18/2024,House - Transportation and Infrastructure,Message on Senate action sent to the House.,05/10/2024,2,,,,,
H.R. 2925,https://www.congress.gov/bill/118th-congress/house-bill/2925,118th Congress (2023-2024),Mining Regulatory Clarity Act of 2024,"Amodei, Mark E. [Rep.-R-NV-2]",04/27/2023,House - Natural Resources | Senate - Energy and Natural Resources,Received in the Senate and Read twice and referred to the Committee on Energy and Natural Resources.,05/09/2024,1,,,,,
H.R. 4143,https://www.congress.gov/bill/118th-congress/house-bill/4143,118th Congress (2023-2024),National Construction Safety Team Enhancement Act of 2024,"Lofgren, Zoe [Rep.-D-CA-18]",06/15/2023,"House - Science, Space, and Technology | Senate - Commerce, Science, and Transportation","Received in the Senate and Read twice and referred to the Committee on Commerce, Science, and Transportation.",05/09/2024,17,,,,,
H.R. 6192,https://www.congress.gov/bill/118th-congress/house-bill/6192,118th Congress (2023-2024),Hands Off Our Home Appliances Act,"Lesko, Debbie [Rep.-R-AZ-8]",11/02/2023,House - Energy and Commerce | Senate - Energy and Natural Resources,Received in the Senate and Read twice and referred to the Committee on Energy and Natural Resources.,05/08/2024,10,,,,,
H.Res. 1194,https://www.congress.gov/bill/118th-congress/house-resolution/1194,118th Congress (2023-2024),"Providing for consideration of the bill (H.R. 6192) to amend the Energy Policy and Conservation Act to prohibit the Secretary of Energy from prescribing any new or amended energy conservation standard for a product that is not technologically feasible and economically justified, and for other purposes; providing for consideration of the bill (H.R. 7109) to require a citizenship question on the decennial census, to require reporting on certain census statistics, and to modify apportionment of Representatives to be based on United States citizens instead of all persons; providing for consideration of the joint resolution (H.J. Res. 109) providing for congressional disapproval under chapter 8 of title 5, United States Code, of the rule submitted by the Securities and Exchange Commission relating to ""Staff Accounting Bulletin No. 121""; and providing for consideration of the bill (H.R. 2925) to amend the Omnibus Budget Reconciliation Act of 1993 to provide for security of tenure for use of mining claims for ancillary activities, and for other purposes.","Houchin, Erin [Rep.-R-IN-9]",05/06/2024,House - Rules,Motion to reconsider laid on the table Agreed to without objection.,05/07/2024,0,,,,,
H.J.Res. 98,https://www.congress.gov/bill/118th-congress/house-joint-resolution/98,118th Congress (2023-2024),"Providing for congressional disapproval under chapter 8 of title 5, United States Code, of the rule submitted by the National Labor Relations Board relating to ""Standard for Determining Joint Employer Status"".","James, John [Rep.-R-MI-10]",11/09/2023,House - Education and the Workforce,The Chair directed the Clerk to notify the Senate of the action of the House.,05/07/2024,68,,,,,
H.R. 4766,https://www.congress.gov/bill/118th-congress/house-bill/4766,118th Congress (2023-2024),Clarity for Payment Stablecoins Act of 2023,"McHenry, Patrick T. [Rep.-R-NC-10]",07/20/2023,House - Financial Services,"Placed on the Union Calendar, Calendar No. 408.",05/07/2024,1,,,,,
H.R. 1747,https://www.congress.gov/bill/118th-congress/house-bill/1747,118th Congress (2023-2024),Blockchain Regulatory Certainty Act,"Emmer, Tom [Rep.-R-MN-6]",03/23/2023,House - Financial Services,"Placed on the Union Calendar, Calendar No. 403.",05/06/2024,1,,,,,
H.R. 3325,https://www.congress.gov/bill/118th-congress/house-bill/3325,118th Congress (2023-2024),Recruit and Retain Act of 2024,"Hunt, Wesley [Rep.-R-TX-38]",05/15/2023,House - Judiciary,"Placed on the Union Calendar, Calendar No. 399.",05/06/2024,17,,,,,
H.R. 6285,https://www.congress.gov/bill/118th-congress/house-bill/6285,118th Congress (2023-2024),Alaska’s Right to Produce Act of 2023,"Stauber, Pete [Rep.-R-MN-8]",11/08/2023,House - Natural Resources | Senate - Energy and Natural Resources,Received in the Senate and Read twice and referred to the Committee on Energy and Natural Resources.,05/02/2024,16,,,,,
H.R. 4824,https://www.congress.gov/bill/118th-congress/house-bill/4824,118th Congress (2023-2024),Carbon Sequestration Collaboration Act,"Baird, James R. [Rep.-R-IN-4]",07/24/2023,"House - Science, Space, and Technology | Senate - Energy and Natural Resources",Received in the Senate and Read twice and referred to the Committee on Energy and Natural Resources.,05/01/2024,1,,,,,
H.R. 764,https://www.congress.gov/bill/118th-congress/house-bill/764,118th Congress (2023-2024),Trust the Science Act,"Boebert, Lauren [Rep.-R-CO-3]",02/02/2023,House - Natural Resources,Received in the Senate.,05/01/2024,25,,,,,
H.R. 615,https://www.congress.gov/bill/118th-congress/house-bill/615,118th Congress (2023-2024),Protecting Access for Hunters and Anglers Act of 2023,"Wittman, Robert J. [Rep.-R-VA-1]",01/27/2023,"House - Natural Resources, Agriculture | Senate - Environment and Public Works",Received in the Senate and Read twice and referred to the Committee on Environment and Public Works.,05/01/2024,50,,,,,
H.R. 6093,https://www.congress.gov/bill/118th-congress/house-bill/6093,118th Congress (2023-2024),Weather Act Reauthorization Act of 2023,"Lucas, Frank D. [Rep.-R-OK-3]",10/26/2023,"House - Science, Space, and Technology | Senate - Commerce, Science, and Transportation","Received in the Senate and Read twice and referred to the Committee on Commerce, Science, and Transportation.",05/01/2024,29,,,,,
H.R. 3397,https://www.congress.gov/bill/118th-congress/house-bill/3397,118th Congress (2023-2024),WEST Act of 2024,"Curtis, John R. [Rep.-R-UT-3]",05/17/2023,House - Natural Resources | Senate - Energy and Natural Resources,Received in the Senate and Read twice and referred to the Committee on Energy and Natural Resources.,05/01/2024,20,,,,,
H.R. 529,https://www.congress.gov/bill/118th-congress/house-bill/529,118th Congress (2023-2024),Extending Limits of U.S. Customs Waters Act,"Waltz, Michael [Rep.-R-FL-6]",01/25/2023,House - Ways and Means,Received in the Senate.,05/01/2024,32,,,,,
H.R. 4016,https://www.congress.gov/bill/118th-congress/house-bill/4016,118th Congress (2023-2024),Veteran Fraud Reimbursement Act,"Connolly, Gerald E. [Rep.-D-VA-11]",06/12/2023,House - Veterans' Affairs | Senate - Veterans' Affairs,Received in the Senate and Read twice and referred to the Committee on Veterans' Affairs.,05/01/2024,3,,,,,
H.R. 4877,https://www.congress.gov/bill/118th-congress/house-bill/4877,118th Congress (2023-2024),Abandoned Well Remediation Research and Development Act,"Lee, Summer L. [Rep.-D-PA-12]",07/25/2023,"House - Science, Space, and Technology | Senate - Energy and Natural Resources",Received in the Senate and Read twice and referred to the Committee on Energy and Natural Resources.,05/01/2024,6,,,,,
H.R. 3195,https://www.congress.gov/bill/118th-congress/house-bill/3195,118th Congress (2023-2024),Superior National Forest Restoration Act,"Stauber, Pete [Rep.-R-MN-8]",05/10/2023,House - Natural Resources | Senate - Energy and Natural Resources,Received in the Senate and Read twice and referred to the Committee on Energy and Natural Resources.,05/01/2024,13,,,,,
H.R. 3738,https://www.congress.gov/bill/118th-congress/house-bill/3738,118th Congress (2023-2024),Veterans Economic Opportunity and Transition Administration Act,"Wenstrup, Brad R. [Rep.-R-OH-2]",05/25/2023,House - Veterans' Affairs | Senate - Veterans' Affairs,Received in the Senate and Read twice and referred to the Committee on Veterans' Affairs.,05/01/2024,3,,,,,
H.Res. 1173,https://www.congress.gov/bill/118th-congress/house-resolution/1173,118th Congress (2023-2024),"Providing for consideration of the bill (H.R. 615) to prohibit the Secretary of the Interior and the Secretary of Agriculture from prohibiting the use of lead ammunition or tackle on certain Federal land or water under the jurisdiction of the Secretary of the Interior and the Secretary of Agriculture, and for other purposes; providing for consideration of the bill (H.R. 2925) to amend the Omnibus Budget Reconciliation Act of 1993 to provide for security of tenure for use of mining claims for ancillary activities, and for other purposes; providing for consideration of the bill (H.R. 3195) to rescind Public Land Order 7917, to reinstate mineral leases and permits in the Superior National Forest, to ensure timely review of Mine Plans of Operations, and for other purposes; providing for consideration of the bill (H.R. 764) to require the Secretary of the Interior to reissue regulations removing the gray wolf from the list of endangered and threatened wildlife under the Endangered Species Act of 1973; providing for consideration of the bill (H.R. 3397) to require the Director of the Bureau of Land Management to withdraw a rule of the Bureau of Land Management relating to conservation and landscape health; providing for consideration of the bill (H.R. 6285) to ratify and approve all authorizations, permits, verifications, extensions, biological opinions, incidental take statements, and any other approvals or orders issued pursuant to Federal law necessary for the establishment and administration of the Coastal Plain oil and gas leasing program, and for other purposes; and providing for consideration of the bill (H.R. 6090) to provide for the consideration of a definition of antisemitism set forth by the International Holocaust Remembrance Alliance for the enforcement of Federal antidiscrimination laws concerning education programs or activities, and for other purposes.","Fischbach, Michelle [Rep.-R-MN-7]",04/29/2024,House - Rules,Motion to reconsider laid on the table Agreed to without objection.,04/30/2024,0,,,,,
H.R. 5333,https://www.congress.gov/bill/118th-congress/house-bill/5333,118th Congress (2023-2024),Investing in All of America Act of 2023,"Meuser, Daniel [Rep.-R-PA-9]",09/01/2023,House - Small Business | Senate - Small Business and Entrepreneurship,Received in the Senate and Read twice and referred to the Committee on Small Business and Entrepreneurship.,04/30/2024,15,,,,,
H.R. 3722,https://www.congress.gov/bill/118th-congress/house-bill/3722,118th Congress (2023-2024),"Daniel J. Harvey, Jr. and Adam Lambert Improving Servicemember Transition to Reduce Veteran Suicide Act","Nunn, Zachary [Rep.-R-IA-3]",05/25/2023,"House - Veterans' Affairs, Armed Services",Received in the Senate.,04/30/2024,10,,,,,
H.R. 5914,https://www.congress.gov/bill/118th-congress/house-bill/5914,118th Congress (2023-2024),VETT Act,"Van Orden, Derrick [Rep.-R-WI-3]",10/10/2023,House - Veterans' Affairs | Senate - Veterans' Affairs,Received in the Senate and Read twice and referred to the Committee on Veterans' Affairs.,04/30/2024,1,,,,,
H.R. 7103,https://www.congress.gov/bill/118th-congress/house-bill/7103,118th Congress (2023-2024),Agency Accountability Act of 2024,"Stauber, Pete [Rep.-R-MN-8]",01/29/2024,House - Small Business | Senate - Small Business and Entrepreneurship,Received in the Senate and Read twice and referred to the Committee on Small Business and Entrepreneurship.,04/30/2024,2,,,,,
H.R. 4866,https://www.congress.gov/bill/118th-congress/house-bill/4866,118th Congress (2023-2024),Fire Weather Development Act of 2024,"Garcia, Mike [Rep.-R-CA-27]",07/25/2023,"House - Science, Space, and Technology | Senate - Commerce, Science, and Transportation","Received in the Senate and Read twice and referred to the Committee on Commerce, Science, and Transportation.",04/30/2024,2,,,,,
H.R. 1069,https://www.congress.gov/bill/118th-congress/house-bill/1069,118th Congress (2023-2024),Clean Energy Demonstration Transparency Act of 2023,"Carey, Mike [Rep.-R-OH-15]",02/17/2023,"House - Science, Space, and Technology | Senate - Energy and Natural Resources",Received in the Senate and Read twice and referred to the Committee on Energy and Natural Resources.,04/30/2024,5,,,,,
H.R. 4755,https://www.congress.gov/bill/118th-congress/house-bill/4755,118th Congress (2023-2024),Privacy Enhancing Technology Research Act,"Stevens, Haley M. [Rep.-D-MI-11]",07/19/2023,"House - Science, Space, and Technology | Senate - Commerce, Science, and Transportation","Received in the Senate and Read twice and referred to the Committee on Commerce, Science, and Transportation.",04/30/2024,1,,,,,
H.R. 7985,https://www.congress.gov/bill/118th-congress/house-bill/7985,118th Congress (2023-2024),Entrepreneurs with Disabilities Reporting Act of 2024,"McGarvey, Morgan [Rep.-D-KY-3]",04/15/2024,House - Small Business | Senate - Small Business and Entrepreneurship,Received in the Senate and Read twice and referred to the Committee on Small Business and Entrepreneurship.,04/30/2024,2,,,,,
H.R. 7683,https://www.congress.gov/bill/118th-congress/house-bill/7683,118th Congress (2023-2024),Respecting the First Amendment on Campus Act,"Williams, Brandon [Rep.-R-NY-22]",03/15/2024,House - Education and the Workforce,"Placed on the Union Calendar, Calendar No. 387.",04/26/2024,19,,,,,
H.R. 4389,https://www.congress.gov/bill/118th-congress/house-bill/4389,118th Congress (2023-2024),Migratory Birds of the Americas Conservation Enhancements Act of 2023,"Salazar, Maria Elvira [Rep.-R-FL-27]",06/27/2023,House - Natural Resources | Senate - Environment and Public Works,Became Public Law No: 118-51.,04/24/2024,19,,,,,
H.Res. 1160,https://www.congress.gov/bill/118th-congress/house-resolution/1160,118th Congress (2023-2024),"Providing for consideration of the bill (H.R. 8034) making emergency supplemental appropriations to respond to the situation in Israel and for related expenses for the fiscal year ending September 30, 2024, and for other purposes; providing for consideration of the bill (H.R. 8035) making emergency supplemental appropriations to respond to the situation in Ukraine and for related expenses for the fiscal year ending September 30, 2024, and for other purposes; providing for consideration of the bill (H.R. 8036) making emergency supplemental appropriations for assistance for the Indo-Pacific region and for related expenses for the fiscal year ending September 30, 2024, and for other purposes; providing for consideration of the bill (H.R. 8038) to authorize the President to impose certain sanctions with respect to Russia and Iran, and for other purposes; and providing for the concurrence by the House in the Senate amendment to H.R. 815, with an amendment.","Burgess, Michael C. [Rep.-R-TX-26]",04/19/2024,House - Rules,Motion to reconsider laid on the table Agreed to without objection.,04/19/2024,0,,,,,
H.R. 4639,https://www.congress.gov/bill/118th-congress/house-bill/4639,118th Congress (2023-2024),Fourth Amendment Is Not For Sale Act,"Davidson, Warren [Rep.-R-OH-8]",07/14/2023,"House - Judiciary, Intelligence (Permanent Select)",Received in the Senate.,04/18/2024,7,,,,,
H.R. 6323,https://www.congress.gov/bill/118th-congress/house-bill/6323,118th Congress (2023-2024),Iran Counterterrorism Act of 2023,"Kim, Young [Rep.-R-CA-40]",11/09/2023,"House - Financial Services, Foreign Affairs | Senate - Banking, Housing, and Urban Affairs","Received in the Senate and Read twice and referred to the Committee on Banking, Housing, and Urban Affairs.",04/18/2024,4,,,,,
H.R. 6245,https://www.congress.gov/bill/118th-congress/house-bill/6245,118th Congress (2023-2024),Holding Iranian Leaders Accountable Act of 2023,"Hill, J. French [Rep.-R-AR-2]",11/06/2023,"House - Financial Services | Senate - Banking, Housing, and Urban Affairs","Received in the Senate and Read twice and referred to the Committee on Banking, Housing, and Urban Affairs.",04/17/2024,3,,,,,
H.R. 6046,https://www.congress.gov/bill/118th-congress/house-bill/6046,118th Congress (2023-2024),Standing Against Houthi Aggression Act,"Clyde, Andrew S. [Rep.-R-GA-9]",10/25/2023,"House - Foreign Affairs, Judiciary",Motion to reconsider laid on the table Agreed to without objection.,04/17/2024,63,,,,,
H.R. 4555,https://www.congress.gov/bill/118th-congress/house-bill/4555,118th Congress (2023-2024),Federal Election Audit Act,"Murphy, Gregory F. [Rep.-R-NC-3]",07/11/2023,House - House Administration,"Placed on the Union Calendar, Calendar No. 385.",04/17/2024,0,,,,,
H.R. 6015,https://www.congress.gov/bill/118th-congress/house-bill/6015,118th Congress (2023-2024),Iran Sanctions Accountability Act of 2023,"Luetkemeyer, Blaine [Rep.-R-MO-3]",10/20/2023,"House - Financial Services, Foreign Affairs, Oversight and Accountability, Ways and Means | Senate - Foreign Relations",Received in the Senate and Read twice and referred to the Committee on Foreign Relations.,04/17/2024,0,,,,,
H.R. 5921,https://www.congress.gov/bill/118th-congress/house-bill/5921,118th Congress (2023-2024),No U.S. Financing for Iran Act of 2023,"Huizenga, Bill [Rep.-R-MI-4]",10/11/2023,"House - Financial Services | Senate - Banking, Housing, and Urban Affairs","Received in the Senate and Read twice and referred to the Committee on Banking, Housing, and Urban Affairs.",04/16/2024,30,,,,,
H.R. 6408,https://www.congress.gov/bill/118th-congress/house-bill/6408,118th Congress (2023-2024),To amend the Internal Revenue Code of 1986 to terminate the tax-exempt status of terrorist supporting organizations.,"Kustoff, David [Rep.-R-TN-8]",11/14/2023,House - Ways and Means | Senate - Finance,Received in the Senate and Read twice and referred to the Committee on Finance.,04/16/2024,7,,,,,
H.R. 5923,https://www.congress.gov/bill/118th-congress/house-bill/5923,118th Congress (2023-2024),Iran-China Energy Sanctions Act of 2023,"Lawler, Michael [Rep.-R-NY-17]",10/11/2023,"House - Financial Services | Senate - Banking, Housing, and Urban Affairs","Received in the Senate and Read twice and referred to the Committee on Banking, Housing, and Urban Affairs.",04/16/2024,10,,,,,
H.Res. 1149,https://www.congress.gov/bill/118th-congress/house-resolution/1149,118th Congress (2023-2024),"Providing for consideration of the bill (H.R. 6323) to modify the availability of certain waiver authorities with respect to sanctions imposed with respect to the financial sector of Iran, and for other purposes; providing for consideration of the resolution (H. Res. 1143) condemning Iran's unprecedented drone and missile attack on Israel; providing for consideration of the bill (H.R. 4691) to provide for congressional review of actions to terminate or waive sanctions imposed with respect to Iran; providing for consideration of the bill (H.R. 5947) to provide for the rescission of certain waivers and licenses relating to Iran, and for other purposes; providing for consideration of the bill (H.R. 6046) to designate Ansarallah as a foreign terrorist organization and impose certain sanctions on Ansarallah, and for other purposes; and providing for consideration of the bill (H.R. 4639) to amend section 2702 of title 18, United States Code, to prevent law enforcement and intelligence agencies from obtaining subscriber or customer records in exchange for anything of value, to address communications and records in the possession of intermediary internet service providers, and for other purposes.","Reschenthaler, Guy [Rep.-R-PA-14]",04/16/2024,House - Rules,Motion to reconsider laid on the table Agreed to without objection.,04/16/2024,0,,,,,
H.Res. 863,https://www.congress.gov/bill/118th-congress/house-resolution/863,118th Congress (2023-2024),"Impeaching Alejandro Nicholas Mayorkas, Secretary of Homeland Security, for high crimes and misdemeanors.","Greene, Marjorie Taylor [Rep.-R-GA-14]",11/13/2023,House - Homeland Security,Received in the Senate.,04/16/2024,17,,,,,
H.R. 524,https://www.congress.gov/bill/118th-congress/house-bill/524,118th Congress (2023-2024),To amend the Coastal Barrier Resources Act to create an exemption for certain shoreline borrow sites.,"Rouzer, David [Rep.-R-NC-7]",01/25/2023,House - Natural Resources | Senate - Environment and Public Works,Received in the Senate and Read twice and referred to the Committee on Environment and Public Works.,04/15/2024,3,,,,,
H.R. 4486,https://www.congress.gov/bill/118th-congress/house-bill/4486,118th Congress (2023-2024),Hiring Preference for Veterans and Americans With Disabilities Act,"Garcia, Mike [Rep.-R-CA-27]",07/06/2023,House - House Administration,"Placed on the Union Calendar, Calendar No. 382.",04/15/2024,0,,,,,
H.R. 2560,https://www.congress.gov/bill/118th-congress/house-bill/2560,118th Congress (2023-2024),Sea Turtle Rescue Assistance and Rehabilitation Act of 2023,"Keating, William R. [Rep.-D-MA-9]",04/10/2023,House - Natural Resources,Received in the Senate.,04/15/2024,13,,,,,
H.R. 6011,https://www.congress.gov/bill/118th-congress/house-bill/6011,118th Congress (2023-2024),ROWATA Act,"Valadao, David G. [Rep.-R-CA-22]",10/20/2023,"House - Natural Resources, Agriculture | Senate - Energy and Natural Resources",Received in the Senate and Read twice and referred to the Committee on Energy and Natural Resources.,04/15/2024,6,,,,,
H.R. 4460,https://www.congress.gov/bill/118th-congress/house-bill/4460,118th Congress (2023-2024),NO VOTE for Non-Citizens Act of 2023,"Griffith, H. Morgan [Rep.-R-VA-9]",07/03/2023,"House - House Administration, Judiciary","Placed on the Union Calendar, Calendar No. 383.",04/15/2024,4,,,,,
H.Res. 1137,https://www.congress.gov/bill/118th-congress/house-resolution/1137,118th Congress (2023-2024),"Providing for consideration of the bill (H.R. 7888) to reform the Foreign Intelligence Surveillance Act of 1978; providing for consideration of the bill (H.R. 529) to extend the customs waters of the United States from 12 nautical miles to 24 nautical miles from the baselines of the United States, consistent with Presidential Proclamation 7219; providing for consideration of the resolution (H. Res. 1112) denouncing the Biden administration's immigration policies; and providing for consideration of the resolution (H. Res. 1117) opposing efforts to place one-sided pressure on Israel with respect to Gaza.","Massie, Thomas [Rep.-R-KY-4]",04/12/2024,House - Rules,Motion to reconsider laid on the table Agreed to without objection.,04/12/2024,0,,,,,
H.R. 3250,https://www.congress.gov/bill/118th-congress/house-bill/3250,118th Congress (2023-2024),National Museum of Play Recognition Act,"Morelle, Joseph D. [Rep.-D-NY-25]",05/11/2023,House - Natural Resources,Received in the Senate.,04/11/2024,1,,,,,
H.R. 6233,https://www.congress.gov/bill/118th-congress/house-bill/6233,118th Congress (2023-2024),Community Reclamation Partnerships Act,"LaHood, Darin [Rep.-R-IL-16]",11/06/2023,House - Natural Resources | Senate - Energy and Natural Resources,Received in the Senate and Read twice and referred to the Committee on Energy and Natural Resources.,04/10/2024,0,,,,,
H.R. 1829,https://www.congress.gov/bill/118th-congress/house-bill/1829,118th Congress (2023-2024),"To require the Secretary of Agriculture to convey the Pleasant Valley Ranger District Administrative Site to Gila County, Arizona.","Crane, Elijah [Rep.-R-AZ-2]",03/28/2023,House - Natural Resources,Received in the Senate. Read twice. Placed on Senate Legislative Calendar under General Orders. Calendar No. 360.,04/10/2024,2,,,,,
H.R. 7645,https://www.congress.gov/bill/118th-congress/house-bill/7645,118th Congress (2023-2024),Clothes Dryer Reliability Act,"Ezell, Mike [Rep.-R-MS-4]",03/13/2024,House - Energy and Commerce,"Placed on the Union Calendar, Calendar No. 376.",04/10/2024,0,,,,,
H.R. 7626,https://www.congress.gov/bill/118th-congress/house-bill/7626,118th Congress (2023-2024),Affordable Air Conditioning Act,"Crenshaw, Dan [Rep.-R-TX-2]",03/12/2024,House - Energy and Commerce,"Placed on the Union Calendar, Calendar No. 374.",04/10/2024,0,,,,,
H.R. 6443,https://www.congress.gov/bill/118th-congress/house-bill/6443,118th Congress (2023-2024),Jamul Indian Village Land Transfer Act,"Issa, Darrell E. [Rep.-R-CA-48]",11/17/2023,House - Natural Resources | Senate - Indian Affairs,Received in the Senate and Read twice and referred to the Committee on Indian Affairs.,04/10/2024,1,,,,,
H.R. 6655,https://www.congress.gov/bill/118th-congress/house-bill/6655,118th Congress (2023-2024),A Stronger Workforce for America Act,"Foxx, Virginia [Rep.-R-NC-5]",12/07/2023,"House - Education and the Workforce, Ways and Means | Senate - Health, Education, Labor, and Pensions","Received in the Senate and Read twice and referred to the Committee on Health, Education, Labor, and Pensions.",04/10/2024,29,,,,,
H.R. 1792,https://www.congress.gov/bill/118th-congress/house-bill/1792,118th Congress (2023-2024),South Pacific Tuna Treaty Act of 2023,"Radewagen, Aumua Amata Coleman [Del.-R-AS-At Large]",03/24/2023,"House - Natural Resources | Senate - Commerce, Science, and Transportation","Received in the Senate and Read twice and referred to the Committee on Commerce, Science, and Transportation.",04/10/2024,1,,,,,
H.Res. 1125,https://www.congress.gov/bill/118th-congress/house-resolution/1125,118th Congress (2023-2024),"Providing for consideration of the bill (H.R. 7888) to reform the Foreign Intelligence Surveillance Act of 1978; providing for consideration of the bill (H.R. 529) to extend the customs waters of the United States from 12 nautical miles to 24 nautical miles from the baselines of the United States, consistent with Presidential Proclamation 7219; providing for consideration of the resolution (H. Res. 1112) denouncing the Biden administration's immigration policies; and providing for consideration of the resolution (H. Res. 1117) opposing efforts to place one-sided pressure on Israel with respect to Gaza.","Roy, Chip [Rep.-R-TX-21]",04/10/2024,House - Rules,Motion to reconsider laid on the table Agreed to without objection.,04/10/2024,0,,,,,
H.R. 1246,https://www.congress.gov/bill/118th-congress/house-bill/1246,118th Congress (2023-2024),To authorize leases of up to 99 years for land held in trust for federally recognized Indian Tribes.,"Hageman, Harriet M. [Rep.-R-WY-At Large]",02/28/2023,House - Natural Resources | Senate - Indian Affairs,Received in the Senate and Read twice and referred to the Committee on Indian Affairs.,04/10/2024,7,,,,,
H.J.Res. 116,https://www.congress.gov/bill/118th-congress/house-joint-resolution/116,118th Congress (2023-2024),"Providing for congressional disapproval under chapter 8 of title 5, United States Code, of the rule submitted by the Department of Labor relating to ""Employee or Independent Contractor Classification Under the Fair Labor Standards Act"".","Kiley, Kevin [Rep.-R-CA-3]",03/06/2024,House - Education and the Workforce,"Placed on the Union Calendar, Calendar No. 369.",04/05/2024,67,,,,,
H.R. 3446,https://www.congress.gov/bill/118th-congress/house-bill/3446,118th Congress (2023-2024),Sunshine for Regulatory Decrees and Settlements Act of 2023,"Spartz, Victoria [Rep.-R-IN-5]",05/17/2023,House - Judiciary,"Placed on the Union Calendar, Calendar No. 367.",04/05/2024,6,,,,,
H.R. 5202,https://www.congress.gov/bill/118th-congress/house-bill/5202,118th Congress (2023-2024),Virginia Graeme Baker Pool and Spa Safety Reauthorization Act,"Wasserman Schultz, Debbie [Rep.-D-FL-25]",08/11/2023,House - Energy and Commerce,"Placed on the Union Calendar, Calendar No. 372.",04/05/2024,11,,,,,
H.R. 661,https://www.congress.gov/bill/118th-congress/house-bill/661,118th Congress (2023-2024),Sarah’s Law,"Feenstra, Randy [Rep.-R-IA-4]",01/31/2023,House - Judiciary,"Placed on the Union Calendar, Calendar No. 366.",04/05/2024,57,,,,,
H.R. 4770,https://www.congress.gov/bill/118th-congress/house-bill/4770,118th Congress (2023-2024),"Chesapeake Bay Science, Education, and Ecosystem Enhancement Act of 2023","Sarbanes, John P. [Rep.-D-MD-3]",07/20/2023,House - Natural Resources,"Placed on the Union Calendar, Calendar No. 359.",04/02/2024,14,,,,,
H.R. 7322,https://www.congress.gov/bill/118th-congress/house-bill/7322,118th Congress (2023-2024),SUE for Immigration Enforcement Act of 2024,"Bishop, Dan [Rep.-R-NC-8]",02/13/2024,House - Judiciary,"Placed on the Union Calendar, Calendar No. 360.",04/02/2024,13,,,,,
H.R. 4167,https://www.congress.gov/bill/118th-congress/house-bill/4167,118th Congress (2023-2024),Protecting America’s Distribution Transformer Supply Chain Act,"Hudson, Richard [Rep.-R-NC-9]",06/15/2023,House - Energy and Commerce,"Placed on the Union Calendar, Calendar No. 356.",03/26/2024,41,,,,,
H.R. 2882,https://www.congress.gov/bill/118th-congress/house-bill/2882,118th Congress (2023-2024),"Further Consolidated Appropriations Act, 2024","Ciscomani, Juan [Rep.-R-AZ-6]",04/26/2023,"House - Natural Resources, Education and the Workforce",Became Public Law No: 118-47.,03/23/2024,7,,,,,
H.R. 7023,https://www.congress.gov/bill/118th-congress/house-bill/7023,118th Congress (2023-2024),Creating Confidence in Clean Water Permitting Act,"Rouzer, David [Rep.-R-NC-7]",01/17/2024,House - Transportation and Infrastructure | Senate - Environment and Public Works,Received in the Senate and Read twice and referred to the Committee on Environment and Public Works.,03/22/2024,0,,,,,
H.R. 1023,https://www.congress.gov/bill/118th-congress/house-bill/1023,118th Congress (2023-2024),Cutting Green Corruption and Taxes Act,"Palmer, Gary J. [Rep.-R-AL-6]",02/14/2023,House - Energy and Commerce,Motion to reconsider laid on the table Agreed to without objection.,03/22/2024,5,,,,,
H.R. 1836,https://www.congress.gov/bill/118th-congress/house-bill/1836,118th Congress (2023-2024),Ocean Shipping Reform Implementation Act of 2023,"Johnson, Dusty [Rep.-R-SD-At Large]",03/28/2023,"House - Transportation and Infrastructure | Senate - Commerce, Science, and Transportation","Received in the Senate and Read twice and referred to the Committee on Commerce, Science, and Transportation.",03/22/2024,3,,,,,
H.R. 7520,https://www.congress.gov/bill/118th-congress/house-bill/7520,118th Congress (2023-2024),Protecting Americans’ Data from Foreign Adversaries Act of 2024,"Pallone, Frank [Rep.-D-NJ-6]",03/05/2024,"House - Energy and Commerce | Senate - Commerce, Science, and Transportation","Received in the Senate and Read twice and referred to the Committee on Commerce, Science, and Transportation.",03/21/2024,5,,,,,
H.R. 6009,https://www.congress.gov/bill/118th-congress/house-bill/6009,118th Congress (2023-2024),Restoring American Energy Dominance Act,"Boebert, Lauren [Rep.-R-CO-3]",10/20/2023,House - Natural Resources | Senate - Energy and Natural Resources,Received in the Senate and Read twice and referred to the Committee on Energy and Natural Resources.,03/21/2024,12,,,,,
H.R. 1121,https://www.congress.gov/bill/118th-congress/house-bill/1121,118th Congress (2023-2024),Protecting American Energy Production Act,"Duncan, Jeff [Rep.-R-SC-3]",02/21/2023,"House - Energy and Commerce, Natural Resources | Senate - Energy and Natural Resources",Received in the Senate and Read twice and referred to the Committee on Energy and Natural Resources.,03/21/2024,29,,,,,
H.R. 6261,https://www.congress.gov/bill/118th-congress/house-bill/6261,118th Congress (2023-2024),Impact of Crime on Public Building Usage Act of 2023,"Chavez-DeRemer, Lori [Rep.-R-OR-5]",11/07/2023,"House - Transportation and Infrastructure, Oversight and Accountability, Judiciary | Senate - Environment and Public Works",Received in the Senate and Read twice and referred to the Committee on Environment and Public Works.,03/20/2024,1,,,,,
H.R. 6260,https://www.congress.gov/bill/118th-congress/house-bill/6260,118th Congress (2023-2024),FOCUS Act,"Chavez-DeRemer, Lori [Rep.-R-OR-5]",11/07/2023,House - Transportation and Infrastructure | Senate - Environment and Public Works,Received in the Senate and Read twice and referred to the Committee on Environment and Public Works.,03/20/2024,1,,,,,
H.Res. 1085,https://www.congress.gov/bill/118th-congress/house-resolution/1085,118th Congress (2023-2024),"Providing for consideration of the bill (H.R. 1023) to repeal section 134 of the Clean Air Act, relating to the greenhouse gas reduction fund; providing for consideration of the bill (H.R. 1121) to prohibit a moratorium on the use of hydraulic fracturing; providing for consideration of the bill (H.R. 6009) to require the Director of the Bureau of Land Management to withdraw the proposed rule relating to fluid mineral leases and leasing process, and for other purposes; providing for consideration of the concurrent resolution (H. Con. Res. 86) expressing the sense of Congress that a carbon tax would be detrimental to the United States economy; providing for consideration of the resolution (H. Res. 987) denouncing the harmful, anti-American energy policies of the Biden administration, and for other purposes; and providing for consideration of the bill (H.R 7023) to amend section 404 of the Federal Water Pollution Control Act to codify certain regulatory provisions relating to nationwide permits for dredged or fill material, and for other purposes.","Reschenthaler, Guy [Rep.-R-PA-14]",03/19/2024,House - Rules,Motion to reconsider laid on the table Agreed to without objection.,03/20/2024,0,,,,,
H.R. 766,https://www.congress.gov/bill/118th-congress/house-bill/766,118th Congress (2023-2024),Dr. Michael C. Burgess Preventive Health Savings Act,"Burgess, Michael C. [Rep.-R-TX-26]",02/02/2023,House - Budget,Received in the Senate.,03/20/2024,29,,,,,
H.R. 6185,https://www.congress.gov/bill/118th-congress/house-bill/6185,118th Congress (2023-2024),GRID Act,"Duncan, Jeff [Rep.-R-SC-3]",11/02/2023,House - Energy and Commerce,"Placed on the Union Calendar, Calendar No. 353.",03/19/2024,0,,,,,
H.R. 4278,https://www.congress.gov/bill/118th-congress/house-bill/4278,118th Congress (2023-2024),Restore VA Accountability Act of 2023,"Bost, Mike [Rep.-R-IL-12]",06/22/2023,House - Veterans' Affairs,"Placed on the Union Calendar, Calendar No. 351.",03/15/2024,27,,,,,
H.R. 7521,https://www.congress.gov/bill/118th-congress/house-bill/7521,118th Congress (2023-2024),Protecting Americans from Foreign Adversary Controlled Applications Act,"Gallagher, Mike [Rep.-R-WI-8]",03/05/2024,"House - Energy and Commerce | Senate - Commerce, Science, and Transportation","Received in the Senate and Read twice and referred to the Committee on Commerce, Science, and Transportation.",03/14/2024,54,,,,,
H.R. 6276,https://www.congress.gov/bill/118th-congress/house-bill/6276,118th Congress (2023-2024),USE IT Act of 2023,"Perry, Scott [Rep.-R-PA-10]",11/07/2023,House - Transportation and Infrastructure | Senate - Environment and Public Works,Received in the Senate and Read twice and referred to the Committee on Environment and Public Works.,03/14/2024,0,,,,,
H.R. 6421,https://www.congress.gov/bill/118th-congress/house-bill/6421,118th Congress (2023-2024),Affordable HOMES Act,"Bucshon, Larry [Rep.-R-IN-8]",11/15/2023,House - Energy and Commerce,"Placed on the Union Calendar, Calendar No. 350.",03/12/2024,20,,,,,
H.Res. 1071,https://www.congress.gov/bill/118th-congress/house-resolution/1071,118th Congress (2023-2024),"Providing for consideration of the bill (H.R. 6276) to direct the Administrator of General Services and the Director of the Office of Management and Budget to identify the utilization rate of certain public buildings and federally-leased space, and for other purposes, and providing for consideration of the resolution (H. Res. 1065) denouncing the Biden administration's immigration policies.","Massie, Thomas [Rep.-R-KY-4]",03/11/2024,House - Rules,Motion to reconsider laid on the table Agreed to without objection.,03/12/2024,0,,,,,
H.R. 1752,https://www.congress.gov/bill/118th-congress/house-bill/1752,118th Congress (2023-2024),E-BRIDGE Act,"Graves, Sam [Rep.-R-MO-6]",03/23/2023,"House - Transportation and Infrastructure, Financial Services, Budget | Senate - Environment and Public Works",Received in the Senate and Read twice and referred to the Committee on Environment and Public Works.,03/12/2024,7,,,,,
H.R. 886,https://www.congress.gov/bill/118th-congress/house-bill/886,118th Congress (2023-2024),Save Our Seas 2.0 Amendments Act,"Bonamici, Suzanne [Rep.-D-OR-1]",02/09/2023,"House - Transportation and Infrastructure, Natural Resources",Received in the Senate. Read twice. Placed on Senate Legislative Calendar under General Orders. Calendar No. 346.,03/12/2024,9,,,,,
H.R. 6254,https://www.congress.gov/bill/118th-congress/house-bill/6254,118th Congress (2023-2024),Public Buildings Accountability Act of 2023,"Van Orden, Derrick [Rep.-R-WI-3]",11/07/2023,House - Transportation and Infrastructure | Senate - Environment and Public Works,Received in the Senate and Read twice and referred to the Committee on Environment and Public Works.,03/12/2024,0,,,,,
H.R. 3843,https://www.congress.gov/bill/118th-congress/house-bill/3843,118th Congress (2023-2024),Action for Dental Health Act of 2023,"Kelly, Robin L. [Rep.-D-IL-2]",06/06/2023,"House - Energy and Commerce | Senate - Health, Education, Labor, and Pensions",Star Print ordered on the bill.,03/12/2024,15,,,,,
H.R. 6316,https://www.congress.gov/bill/118th-congress/house-bill/6316,118th Congress (2023-2024),"To amend title 40, United States Code, to establish an expiration date of certain committee resolutions with respect to leases or projects, and for other purposes.","Titus, Dina [Rep.-D-NV-1]",11/08/2023,House - Transportation and Infrastructure | Senate - Environment and Public Works,Received in the Senate and Read twice and referred to the Committee on Environment and Public Works.,03/12/2024,1,,,,,
H.R. 6277,https://www.congress.gov/bill/118th-congress/house-bill/6277,118th Congress (2023-2024),FASTA Reform Act of 2023,"Perry, Scott [Rep.-R-PA-10]",11/07/2023,House - Transportation and Infrastructure | Senate - Environment and Public Works,Received in the Senate and Read twice and referred to the Committee on Environment and Public Works.,03/12/2024,1,,,,,
H.R. 929,https://www.congress.gov/bill/118th-congress/house-bill/929,118th Congress (2023-2024),Puyallup Tribe of Indians Land Into Trust Confirmation Act of 2023,"Kilmer, Derek [Rep.-D-WA-6]",02/09/2023,House - Natural Resources,"Placed on the Union Calendar, Calendar No. 349.",03/12/2024,1,,,,,
H.R. 532,https://www.congress.gov/bill/118th-congress/house-bill/532,118th Congress (2023-2024),"To designate the Federal building and United States courthouse located at 600 East First Street in Rome, Georgia, as the ""Harold L. Murphy Federal Building and United States Courthouse"".","Greene, Marjorie Taylor [Rep.-R-GA-14]",01/26/2023,House - Transportation and Infrastructure | Senate - Environment and Public Works,Received in the Senate and Read twice and referred to the Committee on Environment and Public Works.,03/12/2024,1,,,,,
H.R. 2799,https://www.congress.gov/bill/118th-congress/house-bill/2799,118th Congress (2023-2024),Expanding Access to Capital Act of 2023,"McHenry, Patrick T. [Rep.-R-NC-10]",04/24/2023,"House - Financial Services, Education and the Workforce | Senate - Banking, Housing, and Urban Affairs","Received in the Senate and Read twice and referred to the Committee on Banking, Housing, and Urban Affairs.",03/11/2024,0,,,,,
H.R. 4366,https://www.congress.gov/bill/118th-congress/house-bill/4366,118th Congress (2023-2024),"Consolidated Appropriations Act, 2024","Carter, John R. [Rep.-R-TX-31]",06/27/2023,House - Appropriations,Became Public Law No: 118-42.,03/09/2024,0,,,,,
H.Res. 1052,https://www.congress.gov/bill/118th-congress/house-resolution/1052,118th Congress (2023-2024),"Providing for consideration of the bill (H.R. 2799) to make reforms to the capital markets of the United States, and for other purposes, and providing for consideration of the bill (H.R. 7511) to require the Secretary of Homeland Security to take into custody aliens who have been charged in the United States with theft, and for other purposes.","Houchin, Erin [Rep.-R-IN-9]",03/05/2024,House - Rules,Motion to reconsider laid on the table Agreed to without objection.,03/06/2024,0,,,,,
H.R. 3838,https://www.congress.gov/bill/118th-congress/house-bill/3838,118th Congress (2023-2024),Preventing Maternal Deaths Reauthorization Act of 2023,"Burgess, Michael C. [Rep.-R-TX-26]",06/06/2023,House - Energy and Commerce,Received in the Senate. Read twice. Placed on Senate Legislative Calendar under General Orders. Calendar No. 338.,03/06/2024,24,,,,,
H.R. 3277,https://www.congress.gov/bill/118th-congress/house-bill/3277,118th Congress (2023-2024),Energy Emergency Leadership Act,"Walberg, Tim [Rep.-R-MI-5]",05/11/2023,House - Energy and Commerce,Received in the Senate.,03/06/2024,10,,,,,
H.R. 6976,https://www.congress.gov/bill/118th-congress/house-bill/6976,118th Congress (2023-2024),Protect Our Communities from DUIs Act,"Moore, Barry [Rep.-R-AL-2]",01/11/2024,House - Judiciary | Senate - Judiciary,Read twice and referred to the Committee on the Judiciary.,03/06/2024,0,,,,,
H.R. 5969,https://www.congress.gov/bill/118th-congress/house-bill/5969,118th Congress (2023-2024),Improving Travel for Families Act,"Luttrell, Morgan [Rep.-R-TX-8]",10/17/2023,"House - Homeland Security, Ways and Means | Senate - Homeland Security and Governmental Affairs",Received in the Senate and Read twice and referred to the Committee on Homeland Security and Governmental Affairs.,03/06/2024,2,,,,,
H.R. 6317,https://www.congress.gov/bill/118th-congress/house-bill/6317,118th Congress (2023-2024),"To require the Administrator of the General Services Administration to submit a report describing a process for seeking public comment about proposed changes to mandatory design standards for public buildings, and for other purposes.","Titus, Dina [Rep.-D-NV-1]",11/08/2023,House - Transportation and Infrastructure,"Placed on the Union Calendar, Calendar No. 336.",03/06/2024,0,,,,,
H.R. 498,https://www.congress.gov/bill/118th-congress/house-bill/498,118th Congress (2023-2024),9–8–8 Lifeline Cybersecurity Responsibility Act,"Obernolte, Jay [Rep.-R-CA-23]",01/25/2023,"House - Energy and Commerce | Senate - Health, Education, Labor, and Pensions","Received in the Senate and Read twice and referred to the Committee on Health, Education, Labor, and Pensions.",03/06/2024,1,,,,,
H.R. 3836,https://www.congress.gov/bill/118th-congress/house-bill/3836,118th Congress (2023-2024),Medicaid Primary Care Improvement Act,"Crenshaw, Dan [Rep.-R-TX-2]",06/06/2023,House - Energy and Commerce | Senate - Finance,Received in the Senate and Read twice and referred to the Committee on Finance.,03/06/2024,4,,,,,
H.R. 3385,https://www.congress.gov/bill/118th-congress/house-bill/3385,118th Congress (2023-2024),"To direct the Secretary of Commerce to submit to Congress a report containing an assessment of the value, cost, and feasibility of a trans-Atlantic submarine fiber optic cable connecting the contiguous United States, the United States Virgin Islands, Ghana, and Nigeria.","Plaskett, Stacey E. [Del.-D-VI-At Large]",05/16/2023,"House - Energy and Commerce | Senate - Commerce, Science, and Transportation","Received in the Senate and Read twice and referred to the Committee on Commerce, Science, and Transportation.",03/06/2024,1,,,,,
H.R. 7128,https://www.congress.gov/bill/118th-congress/house-bill/7128,118th Congress (2023-2024),The WOSB Integrity Act of 2024,"Maloy, Celeste [Rep.-R-UT-2]",01/30/2024,House - Small Business | Senate - Small Business and Entrepreneurship,Received in the Senate and Read twice and referred to the Committee on Small Business and Entrepreneurship.,03/05/2024,1,,,,,
H.R. 5616,https://www.congress.gov/bill/118th-congress/house-bill/5616,118th Congress (2023-2024),BRIDGE Production Act of 2023,"Graves, Garret [Rep.-R-LA-6]",09/21/2023,House - Natural Resources,"Placed on the Union Calendar, Calendar No. 333.",03/05/2024,6,,,,,
H.R. 7122,https://www.congress.gov/bill/118th-congress/house-bill/7122,118th Congress (2023-2024),Stop Support for UNRWA Act of 2024,"Smith, Christopher H. [Rep.-R-NJ-4]",01/29/2024,House - Foreign Affairs,"Placed on the Union Calendar, Calendar No. 334.",03/05/2024,8,,,,,
H.R. 6278,https://www.congress.gov/bill/118th-congress/house-bill/6278,118th Congress (2023-2024),MOVE Act of 2023,"Perry, Scott [Rep.-R-PA-10]",11/07/2023,House - Transportation and Infrastructure,"Placed on the Union Calendar, Calendar No. 335.",03/05/2024,0,,,,,
H.R. 7102,https://www.congress.gov/bill/118th-congress/house-bill/7102,118th Congress (2023-2024),Native American Entrepreneurial Opportunity Act,"Davids, Sharice [Rep.-D-KS-3]",01/29/2024,House - Small Business,Received in the Senate. Read twice. Placed on Senate Legislative Calendar under General Orders. Calendar No. 337.,03/05/2024,2,,,,,
H.R. 5426,https://www.congress.gov/bill/118th-congress/house-bill/5426,118th Congress (2023-2024),To require the Administrator of the Small Business Administration to provide a link to resources for submitting reports on suspected fraud relating to certain COVID-19 loans.,"Van Duyne, Beth [Rep.-R-TX-24]",09/13/2023,House - Small Business | Senate - Small Business and Entrepreneurship,Received in the Senate and Read twice and referred to the Committee on Small Business and Entrepreneurship.,03/05/2024,1,,,,,
H.R. 7105,https://www.congress.gov/bill/118th-congress/house-bill/7105,118th Congress (2023-2024),WOSB Certification and Opportunity Expansion Act,"Velazquez, Nydia M. [Rep.-D-NY-7]",01/29/2024,House - Small Business | Senate - Small Business and Entrepreneurship,Received in the Senate and Read twice and referred to the Committee on Small Business and Entrepreneurship.,02/29/2024,1,,,,,
H.R. 6591,https://www.congress.gov/bill/118th-congress/house-bill/6591,118th Congress (2023-2024),Encouraging Success Act,"Ellzey, Jake [Rep.-R-TX-6]",12/05/2023,House - Small Business | Senate - Small Business and Entrepreneurship,Received in the Senate and Read twice and referred to the Committee on Small Business and Entrepreneurship.,02/29/2024,2,,,,,
H.R. 4669,https://www.congress.gov/bill/118th-congress/house-bill/4669,118th Congress (2023-2024),DOE and SBA Research Act,"LaLota, Nick [Rep.-R-NY-1]",07/17/2023,"House - Small Business, Science, Space, and Technology | Senate - Energy and Natural Resources",Received in the Senate and Read twice and referred to the Committee on Energy and Natural Resources.,02/29/2024,1,,,,,
H.R. 5265,https://www.congress.gov/bill/118th-congress/house-bill/5265,118th Congress (2023-2024),Small Business Administration Rural Performance Report Act,"Alford, Mark [Rep.-R-MO-4]",08/25/2023,House - Small Business | Senate - Small Business and Entrepreneurship,Received in the Senate and Read twice and referred to the Committee on Small Business and Entrepreneurship.,02/29/2024,5,,,,,
H.R. 3511,https://www.congress.gov/bill/118th-congress/house-bill/3511,118th Congress (2023-2024),Service-Disabled Veteran Opportunities in Small Business Act,"LaLota, Nick [Rep.-R-NY-1]",05/18/2023,House - Small Business | Senate - Small Business and Entrepreneurship,Received in the Senate and Read twice and referred to the Committee on Small Business and Entrepreneurship.,02/29/2024,4,,,,,
H.R. 6544,https://www.congress.gov/bill/118th-congress/house-bill/6544,118th Congress (2023-2024),Atomic Energy Advancement Act,"Duncan, Jeff [Rep.-R-SC-3]",12/01/2023,"House - Energy and Commerce, Science, Space, and Technology, Foreign Affairs | Senate - Environment and Public Works",Received in the Senate and Read twice and referred to the Committee on Environment and Public Works.,02/29/2024,1,,,,,
H.R. 5688,https://www.congress.gov/bill/118th-congress/house-bill/5688,118th Congress (2023-2024),Bipartisan HSA Improvement Act of 2023,"Smucker, Lloyd [Rep.-R-PA-11]",09/26/2023,House - Ways and Means,"Placed on the Union Calendar, Calendar No. 330.",02/26/2024,1,,,,,
H.R. 7129,https://www.congress.gov/bill/118th-congress/house-bill/7129,118th Congress (2023-2024),Put America on Commission Act of 2024,"Williams, Roger [Rep.-R-TX-25]",01/30/2024,House - Small Business,"Placed on the Union Calendar, Calendar No. 328.",02/23/2024,16,,,,,
H.R. 7104,https://www.congress.gov/bill/118th-congress/house-bill/7104,118th Congress (2023-2024),National SBDC Advisory Board Improvement Act,"Mann, Tracey [Rep.-R-KS-1]",01/29/2024,House - Small Business,"Placed on the Union Calendar, Calendar No. 327.",02/23/2024,1,,,,,
H.R. 4396,https://www.congress.gov/bill/118th-congress/house-bill/4396,118th Congress (2023-2024),American Confidence in Elections: District of Columbia Citizen Voter Act,"Bost, Mike [Rep.-R-IL-12]",06/30/2023,House - House Administration,"Placed on the Union Calendar, Calendar No. 324.",02/23/2024,3,,,,,
H.Res. 994,https://www.congress.gov/bill/118th-congress/house-resolution/994,118th Congress (2023-2024),"Providing for consideration of the bill (H.R. 7160) to amend the Internal Revenue Code of 1986 to modify the limitation on the amount certain married individuals can deduct for State and local taxes, and providing for consideration of the resolution (H.Res. 987) denouncing the harmful, anti-American energy policies of the Biden administration, and for other purposes.","Langworthy, Nicholas A. [Rep.-R-NY-23]",02/05/2024,House - Rules,Motion to reconsider laid on the table Agreed to without objection.,02/14/2024,0,,,,,
H.Res. 1009,https://www.congress.gov/bill/118th-congress/house-resolution/1009,118th Congress (2023-2024),Providing consideration of the bill (H.R. 7176) to repeal restrictions on the export and import of natural gas.,"Reschenthaler, Guy [Rep.-R-PA-14]",02/13/2024,House - Rules,Motion to reconsider laid on the table Agreed to without objection.,02/14/2024,0,,,,,
H.R. 1796,https://www.congress.gov/bill/118th-congress/house-bill/1796,118th Congress (2023-2024),Disaster Survivors Fairness Act of 2023,"Titus, Dina [Rep.-D-NV-1]",03/24/2023,"House - Transportation and Infrastructure, Financial Services, Small Business","Placed on the Union Calendar, Calendar No. 319.",02/14/2024,9,,,,,
H.R. 3162,https://www.congress.gov/bill/118th-congress/house-bill/3162,118th Congress (2023-2024),Protecting American Voters Act,"Roy, Chip [Rep.-R-TX-21]",05/09/2023,House - House Administration,"Placed on the Union Calendar, Calendar No. 318.",02/14/2024,4,,,,,
H.R. 5450,https://www.congress.gov/bill/118th-congress/house-bill/5450,118th Congress (2023-2024),"To amend the Small Business Act to modify the application of price evaluation preference for qualified HUBZone small business concerns to certain contracts, and for other purposes.","Scholten, Hillary J. [Rep.-D-MI-3]",09/13/2023,House - Small Business,"Placed on the Union Calendar, Calendar No. 311.",02/13/2024,1,,,,,
H.R. 2426,https://www.congress.gov/bill/118th-congress/house-bill/2426,118th Congress (2023-2024),Find and Protect Foster Youth Act,"Gonzales, Tony [Rep.-R-TX-23]",03/30/2023,House - Ways and Means,"Placed on the Union Calendar, Calendar No. 315.",02/13/2024,22,,,,,
H.R. 5687,https://www.congress.gov/bill/118th-congress/house-bill/5687,118th Congress (2023-2024),HSA Modernization Act of 2023,"Van Duyne, Beth [Rep.-R-TX-24]",09/26/2023,House - Ways and Means,"Placed on the Union Calendar, Calendar No. 317.",02/13/2024,0,,,,,
H.R. 6156,https://www.congress.gov/bill/118th-congress/house-bill/6156,118th Congress (2023-2024),Child Care Small Business Insight and Improvement Act of 2023,"Landsman, Greg [Rep.-D-OH-1]",11/01/2023,House - Small Business,"Placed on the Union Calendar, Calendar No. 312.",02/13/2024,10,,,,,
H.R. 4316,https://www.congress.gov/bill/118th-congress/house-bill/4316,118th Congress (2023-2024),Citizen Ballot Protection Act,"Palmer, Gary J. [Rep.-R-AL-6]",06/23/2023,House - House Administration,"Placed on the Union Calendar, Calendar No. 316.",02/13/2024,9,,,,,
H.R. 1568,https://www.congress.gov/bill/118th-congress/house-bill/1568,118th Congress (2023-2024),Moving Americans Privacy Protection Act,"Waltz, Michael [Rep.-R-FL-6]",03/10/2023,House - Ways and Means,Became Public Law No: 118-39.,02/09/2024,1,,,,,
H.R. 3415,https://www.congress.gov/bill/118th-congress/house-bill/3415,118th Congress (2023-2024),Pilot Butte Power Plant Conveyance Act,"Hageman, Harriet M. [Rep.-R-WY-At Large]",05/17/2023,House - Natural Resources,Received in the Senate.,02/08/2024,0,,,,,
H.Res. 996,https://www.congress.gov/bill/118th-congress/house-resolution/996,118th Congress (2023-2024),"Providing for consideration of the resolution (H.Res. 863) impeaching Alejandro Nicholas Mayorkas, Secretary of Homeland Security, for high crimes and misdemeanors, and providing for consideration of the bill (H.R. 485) to amend title XI of the Social Security Act to prohibit the use of quality-adjusted life years and similar measures in coverage and payment determinations under Federal health care programs.","Burgess, Michael C. [Rep.-R-TX-26]",02/05/2024,House - Rules,Motion to reconsider laid on the table Agreed to without objection.,02/06/2024,0,,,,,
H.R. 443,https://www.congress.gov/bill/118th-congress/house-bill/443,118th Congress (2023-2024),Enhancing Detection of Human Trafficking Act,"Walberg, Tim [Rep.-R-MI-5]",01/20/2023,"House - Education and the Workforce | Senate - Health, Education, Labor, and Pensions","Received in the Senate and Read twice and referred to the Committee on Health, Education, Labor, and Pensions.",02/06/2024,6,,,,,
H.R. 4051,https://www.congress.gov/bill/118th-congress/house-bill/4051,118th Congress (2023-2024),Supporting the Health of Aquatic systems through Research Knowledge and Enhanced Dialogue Act,"Wittman, Robert J. [Rep.-R-VA-1]",06/12/2023,"House - Natural Resources | Senate - Commerce, Science, and Transportation","Received in the Senate and Read twice and referred to the Committee on Commerce, Science, and Transportation.",02/06/2024,5,,,,,
H.R. 6678,https://www.congress.gov/bill/118th-congress/house-bill/6678,118th Congress (2023-2024),Consequences for Social Security Fraud Act,"McClintock, Tom [Rep.-R-CA-5]",12/07/2023,House - Judiciary | Senate - Judiciary,Received in the Senate and Read twice and referred to the Committee on the Judiciary.,02/05/2024,0,,,,,
H.R. 6679,https://www.congress.gov/bill/118th-congress/house-bill/6679,118th Congress (2023-2024),No Immigration Benefits for Hamas Terrorists Act,"McClintock, Tom [Rep.-R-CA-5]",12/07/2023,House - Judiciary | Senate - Judiciary,Received in the Senate and Read twice and referred to the Committee on the Judiciary.,02/01/2024,0,,,,,
H.R. 5585,https://www.congress.gov/bill/118th-congress/house-bill/5585,118th Congress (2023-2024),Agent Raul Gonzalez Officer Safety Act,"Ciscomani, Juan [Rep.-R-AZ-6]",09/20/2023,House - Judiciary | Senate - Judiciary,Received in the Senate and Read twice and referred to the Committee on the Judiciary.,01/31/2024,19,,,,,
H.R. 2553,https://www.congress.gov/bill/118th-congress/house-bill/2553,118th Congress (2023-2024),No More Political Prosecutions Act of 2023,"Fry, Russell [Rep.-R-SC-7]",04/10/2023,House - Judiciary,"Placed on the Union Calendar, Calendar No. 304.",01/31/2024,10,,,,,
H.Res. 980,https://www.congress.gov/bill/118th-congress/house-resolution/980,118th Congress (2023-2024),"Providing for consideration of the bill (H.R. 5585) to impose criminal and immigration penalties for intentionally fleeing a pursuing Federal officer while operating a motor vehicle; providing for consideration of the bill (H.R. 6678) to amend the Immigration and Nationality Act to provide that aliens who have been convicted of or who have committed Social Security fraud are inadmissible and deportable; providing for consideration of the bill (H.R. 6679) to amend the Immigration and Nationality Act with respect to aliens who carried out, participated in, planned, financed, supported, or otherwise facilitated the attacks against Israel; and providing for consideration of the bill (H.R. 6976) to amend the Immigration and Nationality Act to provide that aliens who have been convicted of or who have committed an offense for driving while intoxicated or impaired are inadmissible and deportable.","Burgess, Michael C. [Rep.-R-TX-26]",01/29/2024,House - Rules,Motion to reconsider laid on the table Agreed to without objection.,01/30/2024,0,,,,,
H.R. 6914,https://www.congress.gov/bill/118th-congress/house-bill/6914,118th Congress (2023-2024),Pregnant Students’ Rights Act,"Hinson, Ashley [Rep.-R-IA-2]",01/05/2024,House - Education and the Workforce,Read the second time. Placed on Senate Legislative Calendar under General Orders. Calendar No. 310.,01/23/2024,4,,,,,
H.R. 4250,https://www.congress.gov/bill/118th-congress/house-bill/4250,118th Congress (2023-2024),PRESS Act,"Kiley, Kevin [Rep.-R-CA-3]",06/21/2023,House - Judiciary | Senate - Judiciary,Received in the Senate and Read twice and referred to the Committee on the Judiciary.,01/22/2024,19,,,,,
H.R. 6918,https://www.congress.gov/bill/118th-congress/house-bill/6918,118th Congress (2023-2024),Supporting Pregnant and Parenting Women and Families Act,"Fischbach, Michelle [Rep.-R-MN-7]",01/09/2024,"House - Ways and Means | Senate - Health, Education, Labor, and Pensions","Received in the Senate and Read twice and referred to the Committee on Health, Education, Labor, and Pensions.",01/22/2024,23,,,,,
H.R. 3667,https://www.congress.gov/bill/118th-congress/house-bill/3667,118th Congress (2023-2024),Social Security Child Protection Act of 2023,"Wenstrup, Brad R. [Rep.-R-OH-2]",05/25/2023,House - Ways and Means | Senate - Finance,Received in the Senate and Read twice and referred to the Committee on Finance.,01/22/2024,4,,,,,
H.R. 3058,https://www.congress.gov/bill/118th-congress/house-bill/3058,118th Congress (2023-2024),Recruiting Families Using Data Act of 2023,"Kildee, Daniel T. [Rep.-D-MI-8]",05/02/2023,House - Ways and Means | Senate - Finance,Received in the Senate and Read twice and referred to the Committee on Finance.,01/22/2024,6,,,,,
H.R. 2872,https://www.congress.gov/bill/118th-congress/house-bill/2872,118th Congress (2023-2024),"Making further continuing appropriations for the fiscal year ending September 30, 2024, and for other purposes.","Graves, Garret [Rep.-R-LA-6]",04/26/2023,House - Natural Resources,Became Public Law No: 118-35.,01/19/2024,3,,,,,
H.R. 3372,https://www.congress.gov/bill/118th-congress/house-bill/3372,118th Congress (2023-2024),"To amend title 23, United States Code, to establish a safety data collection program for certain 6-axle vehicles, and for other purposes.","Johnson, Dusty [Rep.-R-SD-At Large]",05/16/2023,House - Transportation and Infrastructure,"Placed on the Union Calendar, Calendar No. 287.",01/18/2024,3,,,,,
H.Res. 969,https://www.congress.gov/bill/118th-congress/house-resolution/969,118th Congress (2023-2024),"Providing for consideration of the bill (H.R. 6914) to require institutions of higher education to disseminate information on the rights of, and accommodations and resources for, pregnant students, and for other purposes; providing for consideration of the bill (H.R. 6918) to prohibit the Secretary of Health and Human Services from restricting funding for pregnancy centers; and providing for consideration of the resolution (H.Res. 957) denouncing the Biden administration's open-borders policies, condemning the national security and public safety crisis along the southwest border, and urging President Biden to end his administration's open-borders policies.","Fischbach, Michelle [Rep.-R-MN-7]",01/17/2024,House - Rules,Motion to reconsider laid on the table Agreed to without objection.,01/17/2024,0,,,,,
H.R. 4768,https://www.congress.gov/bill/118th-congress/house-bill/4768,118th Congress (2023-2024),No Russian Agriculture Act,"Waters, Maxine [Rep.-D-CA-43]",07/20/2023,House - Financial Services | Senate - Foreign Relations,Received in the Senate and Read twice and referred to the Committee on Foreign Relations.,01/16/2024,1,,,,,
H.R. 6370,https://www.congress.gov/bill/118th-congress/house-bill/6370,118th Congress (2023-2024),OFAC Licensure for Investigators Act,"Beatty, Joyce [Rep.-D-OH-3]",11/13/2023,"House - Financial Services, Foreign Affairs | Senate - Banking, Housing, and Urban Affairs","Received in the Senate and Read twice and referred to the Committee on Banking, Housing, and Urban Affairs.",01/16/2024,1,,,,,
H.R. 788,https://www.congress.gov/bill/118th-congress/house-bill/788,118th Congress (2023-2024),Stop Settlement Slush Funds Act of 2023,"Gooden, Lance [Rep.-R-TX-5]",02/02/2023,House - Judiciary | Senate - Judiciary,Received in the Senate and Read twice and referred to the Committee on the Judiciary.,01/16/2024,16,,,,,
H.R. 803,https://www.congress.gov/bill/118th-congress/house-bill/803,118th Congress (2023-2024),PROTECT Taiwan Act,"Lucas, Frank D. [Rep.-R-OK-3]",02/02/2023,"House - Financial Services, Foreign Affairs | Senate - Foreign Relations",Received in the Senate and Read twice and referred to the Committee on Foreign Relations.,01/16/2024,3,,,,,
H.R. 839,https://www.congress.gov/bill/118th-congress/house-bill/839,118th Congress (2023-2024),China Exchange Rate Transparency Act of 2023,"Meuser, Daniel [Rep.-R-PA-9]",02/06/2023,House - Financial Services | Senate - Foreign Relations,Received in the Senate and Read twice and referred to the Committee on Foreign Relations.,01/16/2024,6,,,,,
H.R. 540,https://www.congress.gov/bill/118th-congress/house-bill/540,118th Congress (2023-2024),Taiwan Non-Discrimination Act of 2023,"Kim, Young [Rep.-R-CA-40]",01/26/2023,House - Financial Services | Senate - Foreign Relations,Received in the Senate and Read twice and referred to the Committee on Foreign Relations.,01/16/2024,4,,,,,
H.Res. 947,https://www.congress.gov/bill/118th-congress/house-resolution/947,118th Congress (2023-2024),"Providing for consideration of the bill (H.R. 788) to limit donations made pursuant to settlement agreements to which the United States is a party, and for other purposes; providing for consideration of the joint resolution (H.J. Res. 98) providing for congressional disapproval under chapter 8 of title 5, United States Code, of the rule submitted by the National Labor Relations Board relating to ""Standard for Determining Joint Employer Status''; and providing for consideration of the joint resolution (S.J. Res. 38) providing for congressional disapproval under chapter 8 of title 5, United States Code, of the rule submitted by the Federal Highway Administration relating to ""Waiver of Buy America Requirements for Electric Vehicle Chargers''.","Houchin, Erin [Rep.-R-IN-9]",01/09/2024,House - Rules,"On agreeing to the resolution Agreed to by recorded vote: 211 - 202, 1 Present (Roll no. 5). (text: 01/10/2024 CR H25)",01/11/2024,0,,,,,
H.R. 3400,https://www.congress.gov/bill/118th-congress/house-bill/3400,118th Congress (2023-2024),Small Businesses before Bureaucrats Act,"Good, Bob [Rep.-R-VA-5]",05/17/2023,House - Education and the Workforce,"Placed on the Union Calendar, Calendar No. 281.",01/11/2024,17,,,,,
H.R. 187,https://www.congress.gov/bill/118th-congress/house-bill/187,118th Congress (2023-2024),Default Prevention Act,"McClintock, Tom [Rep.-R-CA-5]",01/09/2023,House - Ways and Means,"Placed on the Union Calendar, Calendar No. 279.",01/09/2024,4,,,,,
H.R. 1722,https://www.congress.gov/bill/118th-congress/house-bill/1722,118th Congress (2023-2024),Grand Ronde Reservation Act Amendment of 2023,"Salinas, Andrea [Rep.-D-OR-6]",03/22/2023,House - Natural Resources,Became Public Law No: 118-32.,12/26/2023,5,,,,,
H.R. 2839,https://www.congress.gov/bill/118th-congress/house-bill/2839,118th Congress (2023-2024),"To amend the Siletz Reservation Act to address the hunting, fishing, trapping, and animal gathering rights of the Confederated Tribes of Siletz Indians, and for other purposes.","Hoyle, Val T. [Rep.-D-OR-4]",04/25/2023,House - Natural Resources,Became Public Law No: 118-33.,12/26/2023,4,,,,,
H.R. 6585,https://www.congress.gov/bill/118th-congress/house-bill/6585,118th Congress (2023-2024),Bipartisan Workforce Pell Act,"Stefanik, Elise M. [Rep.-R-NY-21]",12/05/2023,House - Education and the Workforce,"Placed on the Union Calendar, Calendar No. 276.",12/22/2023,25,,,,,
H.R. 2670,https://www.congress.gov/bill/118th-congress/house-bill/2670,118th Congress (2023-2024),National Defense Authorization Act for Fiscal Year 2024,"Rogers, Mike D. [Rep.-R-AL-3]",04/18/2023,House - Armed Services,Became Public Law No: 118-31.,12/22/2023,1,,,,,
H.R. 6365,https://www.congress.gov/bill/118th-congress/house-bill/6365,118th Congress (2023-2024),Stopping Illicit Oil Shipments Act of 2023,"Waters, Maxine [Rep.-D-CA-43]",11/13/2023,House - Financial Services,"Placed on the Union Calendar, Calendar No. 269.",12/19/2023,0,,,,,
H.R. 6367,https://www.congress.gov/bill/118th-congress/house-bill/6367,118th Congress (2023-2024),Armed Conflict Migration Act of 2023,"Cleaver, Emanuel [Rep.-D-MO-5]",11/13/2023,House - Financial Services,"Placed on the Union Calendar, Calendar No. 268.",12/19/2023,0,,,,,
H.R. 4765,https://www.congress.gov/bill/118th-congress/house-bill/4765,118th Congress (2023-2024),Exposing China’s Support for the Taliban Act,"Lynch, Stephen F. [Rep.-D-MA-8]",07/20/2023,House - Financial Services,"Placed on the Union Calendar, Calendar No. 267.",12/19/2023,2,,,,,
H.R. 4655,https://www.congress.gov/bill/118th-congress/house-bill/4655,118th Congress (2023-2024),Businesses Over Activists Act,"Norman, Ralph [Rep.-R-SC-5]",07/14/2023,House - Financial Services,"Placed on the Union Calendar, Calendar No. 265.",12/19/2023,0,,,,,
H.R. 4767,https://www.congress.gov/bill/118th-congress/house-bill/4767,118th Congress (2023-2024),Protecting Americans’ Retirement Savings from Politics Act,"Steil, Bryan [Rep.-R-WI-1]",07/20/2023,House - Financial Services,"Placed on the Union Calendar, Calendar No. 263.",12/19/2023,0,,,,,
H.R. 1734,https://www.congress.gov/bill/118th-congress/house-bill/1734,118th Congress (2023-2024),TRANQ Research Act of 2023,"Collins, Mike [Rep.-R-GA-10]",03/23/2023,"House - Science, Space, and Technology",Became Public Law No: 118-23.,12/19/2023,25,,,,,
H.R. 4841,https://www.congress.gov/bill/118th-congress/house-bill/4841,118th Congress (2023-2024),Keep Your Coins Act of 2023,"Davidson, Warren [Rep.-R-OH-8]",07/25/2023,House - Financial Services,"Placed on the Union Calendar, Calendar No. 262.",12/19/2023,0,,,,,
H.R. 4823,https://www.congress.gov/bill/118th-congress/house-bill/4823,118th Congress (2023-2024),American FIRST Act of 2023,"Loudermilk, Barry [Rep.-R-GA-11]",07/24/2023,House - Financial Services,"Placed on the Union Calendar, Calendar No. 264.",12/19/2023,3,,,,,
H.R. 3315,https://www.congress.gov/bill/118th-congress/house-bill/3315,118th Congress (2023-2024),National Guard and Reservists Debt Relief Extension Act of 2023,"Cohen, Steve [Rep.-D-TN-9]",05/15/2023,House - Judiciary,Became Public Law No: 118-24.,12/19/2023,3,,,,,
H.R. 1147,https://www.congress.gov/bill/118th-congress/house-bill/1147,118th Congress (2023-2024),Whole Milk for Healthy Kids Act of 2023,"Thompson, Glenn [Rep.-R-PA-15]",02/21/2023,House - Education and the Workforce,Read the second time. Placed on Senate Legislative Calendar under General Orders. Calendar No. 293.,12/18/2023,134,,,,,
H.R. 3229,https://www.congress.gov/bill/118th-congress/house-bill/3229,118th Congress (2023-2024),Stop Foreign Funds in Elections Act,"Fitzpatrick, Brian K. [Rep.-R-PA-1]",05/11/2023,House - House Administration,"Placed on the Union Calendar, Calendar No. 257.",12/14/2023,6,,,,,
H.R. 5119,https://www.congress.gov/bill/118th-congress/house-bill/5119,118th Congress (2023-2024),Protect Small Business and Prevent Illicit Financial Activity Act,"Nunn, Zachary [Rep.-R-IA-3]",08/01/2023,"House - Financial Services | Senate - Banking, Housing, and Urban Affairs","Received in the Senate and Read twice and referred to the Committee on Banking, Housing, and Urban Affairs.",12/13/2023,3,,,,,
H.R. 5512,https://www.congress.gov/bill/118th-congress/house-bill/5512,118th Congress (2023-2024),Russia and Belarus Financial Sanctions Act of 2023,"Sherman, Brad [Rep.-D-CA-32]",09/14/2023,"House - Financial Services, Agriculture","Placed on the Union Calendar, Calendar No. 255.",12/13/2023,3,,,,,
H.R. 5485,https://www.congress.gov/bill/118th-congress/house-bill/5485,118th Congress (2023-2024),Financial Privacy Act of 2023,"Hill, J. French [Rep.-R-AR-2]",09/14/2023,House - Financial Services,"Placed on the Union Calendar, Calendar No. 256.",12/13/2023,2,,,,,
H.R. 5524,https://www.congress.gov/bill/118th-congress/house-bill/5524,118th Congress (2023-2024),Foreign Affiliates Sharing Pilot Program Extension Act,"Garcia, Sylvia R. [Rep.-D-TX-29]",09/18/2023,"House - Financial Services | Senate - Banking, Housing, and Urban Affairs","Received in the Senate and Read twice and referred to the Committee on Banking, Housing, and Urban Affairs.",12/13/2023,1,,,,,
H.R. 357,https://www.congress.gov/bill/118th-congress/house-bill/357,118th Congress (2023-2024),Ensuring Accountability in Agency Rulemaking Act,"Cline, Ben [Rep.-R-VA-6]",01/13/2023,House - Judiciary | Senate - Homeland Security and Governmental Affairs,Received in the Senate and Read twice and referred to the Committee on Homeland Security and Governmental Affairs.,12/13/2023,19,,,,,
H.Res. 918,https://www.congress.gov/bill/118th-congress/house-resolution/918,118th Congress (2023-2024),"Directing certain committees to continue their ongoing investigations as part of the existing House of Representatives inquiry into whether sufficient grounds exist for the House of Representatives to exercise its Constitutional power to impeach Joseph Biden, President of the United States of America, and for other purposes.","Armstrong, Kelly [Rep.-R-ND-At Large]",12/07/2023,House - Rules,Motion to reconsider laid on the table Agreed to without objection.,12/13/2023,0,,,,,
H.R. 5472,https://www.congress.gov/bill/118th-congress/house-bill/5472,118th Congress (2023-2024),FinCEN Oversight and Accountability Act of 2023,"Davidson, Warren [Rep.-R-OH-8]",09/14/2023,House - Financial Services,"Placed on the Union Calendar, Calendar No. 254.",12/13/2023,0,,,,,
H.R. 5988,https://www.congress.gov/bill/118th-congress/house-bill/5988,118th Congress (2023-2024),United States-Taiwan Expedited Double-Tax Relief Act,"Smith, Jason [Rep.-R-MO-8]",10/19/2023,House - Ways and Means,"Placed on the Union Calendar, Calendar No. 249.",12/12/2023,33,,,,,
H.R. 3224,https://www.congress.gov/bill/118th-congress/house-bill/3224,118th Congress (2023-2024),Countering Weapons of Mass Destruction Extension Act of 2023,"D'Esposito, Anthony [Rep.-R-NY-4]",05/11/2023,House - Homeland Security | Senate - Homeland Security and Governmental Affairs,Received in the Senate and Read twice and referred to the Committee on Homeland Security and Governmental Affairs.,12/12/2023,3,,,,,
H.R. 3226,https://www.congress.gov/bill/118th-congress/house-bill/3226,118th Congress (2023-2024),PREEMIE Reauthorization Act of 2023,"Eshoo, Anna G. [Rep.-D-CA-16]",05/11/2023,House - Energy and Commerce,Received in the Senate. Read twice. Placed on Senate Legislative Calendar under General Orders. Calendar No. 275.,12/12/2023,28,,,,,
H.Res. 922,https://www.congress.gov/bill/118th-congress/house-resolution/922,118th Congress (2023-2024),"Providing for consideration of the bill (H.R. 1147) to amend the Richard B. Russell National School Lunch Act to allow schools that participate in the school lunch program under such Act to serve whole milk; providing for consideration of the bill (H.R. 357) to require the head of an agency to issue and sign any rule issued by that agency, and for other purposes; and for other purposes.","Fischbach, Michelle [Rep.-R-MN-7]",12/11/2023,House - Rules,Motion to reconsider laid on the table Agreed to without objection.,12/12/2023,0,,,,,
H.R. 1553,https://www.congress.gov/bill/118th-congress/house-bill/1553,118th Congress (2023-2024),HALOS Act of 2023,"Lawler, Michael [Rep.-R-NY-17]",03/10/2023,House - Financial Services,"Placed on the Union Calendar, Calendar No. 250.",12/12/2023,2,,,,,
H.R. 2627,https://www.congress.gov/bill/118th-congress/house-bill/2627,118th Congress (2023-2024),Increasing Investor Opportunities Act,"Wagner, Ann [Rep.-R-MO-2]",04/13/2023,House - Financial Services,"Placed on the Union Calendar, Calendar No. 252.",12/12/2023,4,,,,,
H.R. 3063,https://www.congress.gov/bill/118th-congress/house-bill/3063,118th Congress (2023-2024),Retirement Fairness for Charities and Educational Institutions Act of 2023,"Lucas, Frank D. [Rep.-R-OK-3]",05/02/2023,House - Financial Services,"Placed on the Union Calendar, Calendar No. 251.",12/12/2023,16,,,,,
H.J.Res. 88,https://www.congress.gov/bill/118th-congress/house-joint-resolution/88,118th Congress (2023-2024),"Providing for congressional disapproval under chapter 8 of title 5, United States Code, of the rule submitted by the Department of Education relating to ""Improving Income Driven Repayment for the William D. Ford Federal Direct Loan Program and the Federal Family Education Loan (FFEL) Program"".","McClain, Lisa C. [Rep.-R-MI-9]",09/05/2023,House - Education and the Workforce,Received in the Senate. Read twice. Placed on Senate Legislative Calendar under General Orders. Calendar No. 270.,12/11/2023,52,,,,,
H.R. 6570,https://www.congress.gov/bill/118th-congress/house-bill/6570,118th Congress (2023-2024),Protect Liberty and End Warrantless Surveillance Act of 2023,"Biggs, Andy [Rep.-R-AZ-5]",12/04/2023,"House - Judiciary, Intelligence (Permanent Select)","Placed on the Union Calendar, Calendar No. 248.",12/11/2023,33,,,,,
H.R. 6611,https://www.congress.gov/bill/118th-congress/house-bill/6611,118th Congress (2023-2024),FISA Reform and Reauthorization Act of 2023,"Turner, Michael R. [Rep.-R-OH-10]",12/06/2023,"House - Intelligence (Permanent Select), Judiciary","Reported by the Committee on Intelligence. H. Rept. 118-302, Part I.",12/08/2023,1,,,,,
H.R. 4468,https://www.congress.gov/bill/118th-congress/house-bill/4468,118th Congress (2023-2024),Choice in Automobile Retail Sales Act of 2023,"Walberg, Tim [Rep.-R-MI-5]",07/06/2023,House - Energy and Commerce | Senate - Environment and Public Works,Received in the Senate and Read twice and referred to the Committee on Environment and Public Works.,12/07/2023,34,,,,,
H.R. 5933,https://www.congress.gov/bill/118th-congress/house-bill/5933,118th Congress (2023-2024),DETERRENT Act,"Steel, Michelle [Rep.-R-CA-45]",10/11/2023,House - Education and the Workforce,Received in the Senate.,12/07/2023,26,,,,,
H.R. 3848,https://www.congress.gov/bill/118th-congress/house-bill/3848,118th Congress (2023-2024),Housing our Military Veterans Effectively Act of 2023,"Chavez-DeRemer, Lori [Rep.-R-OR-5]",06/06/2023,House - Veterans' Affairs | Senate - Veterans' Affairs,Received in the Senate and Read twice and referred to the Committee on Veterans' Affairs.,12/06/2023,4,,,,,
H.R. 542,https://www.congress.gov/bill/118th-congress/house-bill/542,118th Congress (2023-2024),Elizabeth Dole Home Care Act of 2023,"Brownley, Julia [Rep.-D-CA-26]",01/26/2023,House - Veterans' Affairs,Received in the Senate.,12/06/2023,76,,,,,
H.R. 1547,https://www.congress.gov/bill/118th-congress/house-bill/1547,118th Congress (2023-2024),One Seat Ride Act,"Kean, Thomas H. [Rep.-R-NJ-7]",03/10/2023,"House - Transportation and Infrastructure | Senate - Banking, Housing, and Urban Affairs","Received in the Senate and Read twice and referred to the Committee on Banking, Housing, and Urban Affairs.",12/06/2023,1,,,,,
H.R. 3581,https://www.congress.gov/bill/118th-congress/house-bill/3581,118th Congress (2023-2024),COPE Act,"Kiggans, Jennifer A [Rep.-R-VA-2]",05/22/2023,House - Veterans' Affairs | Senate - Veterans' Affairs,Received in the Senate and Read twice and referred to the Committee on Veterans' Affairs.,12/05/2023,5,,,,,
H.R. 1713,https://www.congress.gov/bill/118th-congress/house-bill/1713,118th Congress (2023-2024),DOE and USDA Interagency Research Act,"Lucas, Frank D. [Rep.-R-OK-3]",03/22/2023,"House - Science, Space, and Technology, Agriculture | Senate - Energy and Natural Resources",Received in the Senate and Read twice and referred to the Committee on Energy and Natural Resources.,12/05/2023,10,,,,,
H.Res. 906,https://www.congress.gov/bill/118th-congress/house-resolution/906,118th Congress (2023-2024),"Providing for consideration of the bill (H.R. 4468) to prohibit the Administrator of the Environmental Protection Agency from finalizing, implementing, or enforcing a proposed rule with respect to emissions from vehicles, and for other purposes; providing for consideration of the bill (H.R. 5933) to amend the Higher Education Act of 1965 to require additional information in disclosures of foreign gifts and contracts from foreign sources, restrict contracts with certain foreign entities and foreign countries of concern, require certain staff and faculty to report foreign gifts and contracts, and require disclosure of certain foreign investments within endowments; and providing for consideration of the joint resolution (H. J. Res. 88) providing for congressional disapproval under chapter 8 of title 5, United States Code, of the rule submitted by the Department of Education relating to ""Improving Income Driven Repayment for the William D. Ford Federal Direct Loan Program and the Federal Family Education Loan (FFEL) Program"".","Houchin, Erin [Rep.-R-IN-9]",12/04/2023,House - Rules,Motion to reconsider laid on the table Agreed to without objection.,12/05/2023,0,,,,,
H.R. 2980,https://www.congress.gov/bill/118th-congress/house-bill/2980,118th Congress (2023-2024),DOE and NSF Interagency Research Act,"Stevens, Haley M. [Rep.-D-MI-11]",04/27/2023,"House - Science, Space, and Technology | Senate - Commerce, Science, and Transportation","Received in the Senate and Read twice and referred to the Committee on Commerce, Science, and Transportation.",12/05/2023,2,,,,,
H.R. 2988,https://www.congress.gov/bill/118th-congress/house-bill/2988,118th Congress (2023-2024),DOE and NASA Interagency Research Coordination Act,"Williams, Brandon [Rep.-R-NY-22]",04/27/2023,"House - Science, Space, and Technology | Senate - Commerce, Science, and Transportation","Received in the Senate and Read twice and referred to the Committee on Commerce, Science, and Transportation.",12/05/2023,4,,,,,
H.R. 5961,https://www.congress.gov/bill/118th-congress/house-bill/5961,118th Congress (2023-2024),No Funds for Iranian Terrorism Act,"McCaul, Michael T. [Rep.-R-TX-10]",10/16/2023,"House - Foreign Affairs, Financial Services | Senate - Foreign Relations",Received in the Senate and Read twice and referred to the Committee on Foreign Relations.,12/04/2023,34,,,,,
H.R. 2798,https://www.congress.gov/bill/118th-congress/house-bill/2798,118th Congress (2023-2024),CFPB Transparency and Accountability Reform Act,"Barr, Andy [Rep.-R-KY-6]",04/24/2023,"House - Financial Services, Oversight and Accountability, Judiciary, Small Business","Placed on the Union Calendar, Calendar No. 241.",12/04/2023,2,,,,,
H.R. 5283,https://www.congress.gov/bill/118th-congress/house-bill/5283,118th Congress (2023-2024),Protecting our Communities from Failure to Secure the Border Act of 2023,"Malliotakis, Nicole [Rep.-R-NY-11]",08/25/2023,"House - Natural Resources, Agriculture | Senate - Energy and Natural Resources",Received in the Senate and Read twice and referred to the Committee on Energy and Natural Resources.,12/04/2023,16,,,,,
H.R. 4667,https://www.congress.gov/bill/118th-congress/house-bill/4667,118th Congress (2023-2024),RECLAIM Taxpayer Funds Act,"Salazar, Maria Elvira [Rep.-R-FL-27]",07/17/2023,House - Small Business | Senate - Small Business and Entrepreneurship,Received in the Senate and Read twice and referred to the Committee on Small Business and Entrepreneurship.,12/04/2023,2,,,,,
H.R. 4666,https://www.congress.gov/bill/118th-congress/house-bill/4666,118th Congress (2023-2024),To require the Inspector General of the Small Business Administration to submit a quarterly report on fraud relating to certain COVID-19 loans.,"Bean, Aaron [Rep.-R-FL-4]",07/17/2023,House - Small Business | Senate - Small Business and Entrepreneurship,Received in the Senate and Read twice and referred to the Committee on Small Business and Entrepreneurship.,12/04/2023,3,,,,,
H.R. 1807,https://www.congress.gov/bill/118th-congress/house-bill/1807,118th Congress (2023-2024),Improving Disclosure for Investors Act of 2023,"Huizenga, Bill [Rep.-R-MI-4]",03/27/2023,House - Financial Services,"Placed on the Union Calendar, Calendar No. 239.",12/01/2023,4,,,,,
H.R. 6068,https://www.congress.gov/bill/118th-congress/house-bill/6068,118th Congress (2023-2024),Clergy Act,"McCarthy, Kevin [Rep.-R-CA-20]",10/26/2023,House - Ways and Means,"Placed on the Union Calendar, Calendar No. 232.",12/01/2023,13,,,,,
H.R. 1109,https://www.congress.gov/bill/118th-congress/house-bill/1109,118th Congress (2023-2024),Bank Service Company Examination Coordination Act of 2023,"Williams, Roger [Rep.-R-TX-25]",02/21/2023,House - Financial Services,"Placed on the Union Calendar, Calendar No. 234.",12/01/2023,4,,,,,
H.R. 1161,https://www.congress.gov/bill/118th-congress/house-bill/1161,118th Congress (2023-2024),Aligning SEC Regulations for the World Bank’s International Development Association Act,"Waters, Maxine [Rep.-D-CA-43]",02/24/2023,House - Financial Services,"Placed on the Union Calendar, Calendar No. 233.",12/01/2023,0,,,,,
H.R. 5427,https://www.congress.gov/bill/118th-congress/house-bill/5427,118th Congress (2023-2024),"To prohibit individuals convicted of defrauding the Government from receiving any assistance from the Small Business Administration, and for other purposes.","Williams, Roger [Rep.-R-TX-25]",09/13/2023,House - Small Business | Senate - Small Business and Entrepreneurship,Received in the Senate and Read twice and referred to the Committee on Small Business and Entrepreneurship.,11/29/2023,2,,,,,
H.R. 4668,https://www.congress.gov/bill/118th-congress/house-bill/4668,118th Congress (2023-2024),POST IT Act of 2023,"Molinaro, Marcus J. [Rep.-R-NY-19]",07/17/2023,House - Small Business | Senate - Small Business and Entrepreneurship,Received in the Senate and Read twice and referred to the Committee on Small Business and Entrepreneurship.,11/29/2023,3,,,,,
H.R. 3209,https://www.congress.gov/bill/118th-congress/house-bill/3209,118th Congress (2023-2024),I–27 Numbering Act of 2023,"Arrington, Jodey C. [Rep.-R-TX-19]",05/11/2023,House - Transportation and Infrastructure,"Placed on the Union Calendar, Calendar No. 229.",11/29/2023,6,,,,,
H.Res. 891,https://www.congress.gov/bill/118th-congress/house-resolution/891,118th Congress (2023-2024),"Providing for consideration of the bill (H.R. 5283) to prohibit the use of Federal funds to provide housing to specified aliens on any land under the administrative jurisdiction of the Federal land management agencies; providing for consideration of the bill (H.R. 5961) to freeze certain Iranian funds involved in the 2023 hostage deal between the United States and Iran, and for other purposes; and providing for consideration of the joint resolution (S. J. Res. 32) providing for congressional disapproval under chapter 8 of title 5, United States Code, of the rule submitted by the Bureau of Consumer Financial Protection relating to ""Small Business Lending Under the Equal Credit Opportunity Act (Regulation B)"".","Reschenthaler, Guy [Rep.-R-PA-14]",11/28/2023,House - Rules,Motion to reconsider laid on the table Agreed to without objection.,11/29/2023,0,,,,,
H.R. 4480,https://www.congress.gov/bill/118th-congress/house-bill/4480,118th Congress (2023-2024),SERV Act,"Davids, Sharice [Rep.-D-KS-3]",07/06/2023,House - Small Business | Senate - Small Business and Entrepreneurship,Received in the Senate and Read twice and referred to the Committee on Small Business and Entrepreneurship.,11/29/2023,2,,,,,
H.R. 4670,https://www.congress.gov/bill/118th-congress/house-bill/4670,118th Congress (2023-2024),Small Business Contracting Transparency Act of 2023,"Houlahan, Chrissy [Rep.-D-PA-6]",07/17/2023,House - Small Business | Senate - Small Business and Entrepreneurship,Received in the Senate and Read twice and referred to the Committee on Small Business and Entrepreneurship.,11/29/2023,3,,,,,
H.J.Res. 66,https://www.congress.gov/bill/118th-congress/house-joint-resolution/66,118th Congress (2023-2024),"Disapproving the rule submitted by the Consumer Financial Protection Bureau relating to ""Small Business Lending Under the Equal Credit Opportunity Act (Regulation B)"".","Williams, Roger [Rep.-R-TX-25]",05/31/2023,House - Financial Services,"Placed on the Union Calendar, Calendar No. 224.",11/28/2023,39,,,,,
H.Res. 869,https://www.congress.gov/bill/118th-congress/house-resolution/869,118th Congress (2023-2024),"Providing for consideration of the bill (H.R. 5893) making appropriations for the Departments of Commerce and Justice, Science, and Related Agencies for the fiscal year ending September 30, 2024, and for other purposes, and providing for consideration of the bill (H.R. 5961) to freeze certain Iranian funds involved in the 2023 hostage deal between the United States and Iran, and for other purposes.","Massie, Thomas [Rep.-R-KY-4]",11/14/2023,House - Rules,Motion to reconsider laid on the table Agreed to without objection.,11/15/2023,0,,,,,
H.R. 3506,https://www.congress.gov/bill/118th-congress/house-bill/3506,118th Congress (2023-2024),"To make technical amendments to update statutory references to certain provisions classified to title 7, title 20, and title 43, United States Code, and to correct related technical errors.","Kiley, Kevin [Rep.-R-CA-3]",05/18/2023,House - Judiciary | Senate - Judiciary,Received in the Senate and Read twice and referred to the Committee on the Judiciary.,11/14/2023,0,,,,,
H.R. 3496,https://www.congress.gov/bill/118th-congress/house-bill/3496,118th Congress (2023-2024),"To make technical amendments to update statutory references to certain provisions which were formerly classified to chapters 14 and 19 of title 25, United States Code, and to correct related technical errors.","Hageman, Harriet M. [Rep.-R-WY-At Large]",05/18/2023,House - Judiciary | Senate - Judiciary,Received in the Senate and Read twice and referred to the Committee on the Judiciary.,11/14/2023,0,,,,,
H.Res. 864,https://www.congress.gov/bill/118th-congress/house-resolution/864,118th Congress (2023-2024),"Providing for consideration of the bill (H.R. 5894) making appropriations for the Departments of Labor, Health and Human Services, and Education, and related agencies for the fiscal year ending September 30, 2024, and for other purposes.","Burgess, Michael C. [Rep.-R-TX-26]",11/13/2023,House - Rules,Motion to reconsider laid on the table Agreed to without objection.,11/14/2023,0,,,,,
H.R. 786,https://www.congress.gov/bill/118th-congress/house-bill/786,118th Congress (2023-2024),"To amend title 28, United States Code, to provide an additional place for holding court for the Pecos Division of the Western District of Texas, and for other purposes.","Gonzales, Tony [Rep.-R-TX-23]",02/02/2023,House - Judiciary,Received in the Senate. Read twice. Placed on Senate Legislative Calendar under General Orders. Calendar No. 245.,11/14/2023,2,,,,,
H.R. 3571,https://www.congress.gov/bill/118th-congress/house-bill/3571,118th Congress (2023-2024),"To make technical amendments to update statutory references to certain provisions classified to title 2, United States Code, title 50, United States Code, and title 52, United States Code, and to correct related technical errors.","Dean, Madeleine [Rep.-D-PA-4]",05/22/2023,House - Judiciary | Senate - Judiciary,Received in the Senate and Read twice and referred to the Committee on the Judiciary.,11/14/2023,0,,,,,
H.R. 3578,https://www.congress.gov/bill/118th-congress/house-bill/3578,118th Congress (2023-2024),"To make technical amendments to update statutory references to provisions reclassified to title 34, United States Code, and to correct related technical errors.","Ivey, Glenn [Rep.-D-MD-4]",05/22/2023,House - Judiciary | Senate - Judiciary,Received in the Senate and Read twice and referred to the Committee on the Judiciary.,11/14/2023,0,,,,,
H.R. 366,https://www.congress.gov/bill/118th-congress/house-bill/366,118th Congress (2023-2024),Korean American VALOR Act,"Takano, Mark [Rep.-D-CA-39]",01/13/2023,House - Veterans' Affairs | Senate - Veterans' Affairs,Became Public Law No: 118-20.,11/13/2023,15,,,,,
H.R. 4664,https://www.congress.gov/bill/118th-congress/house-bill/4664,118th Congress (2023-2024),"Making appropriations for financial services and general government for the fiscal year ending September 30, 2024, and for other purposes.","Womack, Steve [Rep.-R-AR-3]",07/17/2023,House - Appropriations,"POSTPONED PROCEEDINGS - Pursuant to clause 1(c) of rule XIX, the Chair announced further proceedings on H.R. 4664 would be postponed.",11/09/2023,0,,,,,
H.R. 4821,https://www.congress.gov/bill/118th-congress/house-bill/4821,118th Congress (2023-2024),"Department of the Interior, Environment, and Related Agencies Appropriations Act, 2024","Simpson, Michael K. [Rep.-R-ID-2]",07/24/2023,House - Appropriations,Received in the Senate. Read twice. Placed on Senate Legislative Calendar under General Orders. Calendar No. 239.,11/07/2023,0,,,,,
H.R. 4820,https://www.congress.gov/bill/118th-congress/house-bill/4820,118th Congress (2023-2024),"Transportation, Housing and Urban Development, and Related Agencies Appropriations Act, 2024","Cole, Tom [Rep.-R-OK-4]",07/24/2023,House - Appropriations,"POSTPONED PROCEEDINGS - Pursuant to clause 1(c) of rule XIX, the Chair announced further proceedings on H.R. 4820 would be postponed.",11/07/2023,0,,,,,
H.Res. 847,https://www.congress.gov/bill/118th-congress/house-resolution/847,118th Congress (2023-2024),"Providing for consideration of the bill (H.R. 4664) making appropriations for financial services and general government for the fiscal year ending September 30, 2024, and for other purposes.","Houchin, Erin [Rep.-R-IN-9]",11/06/2023,House - Rules,Motion to reconsider laid on the table Agreed to without objection.,11/07/2023,0,,,,,
H.R. 5734,https://www.congress.gov/bill/118th-congress/house-bill/5734,118th Congress (2023-2024),To amend the Federal Election Campaign Act of 1971 to extend the Administrative Fine Program for certain reporting violations.,"Steil, Bryan [Rep.-R-WI-1]",09/26/2023,House - House Administration,"Placed on the Union Calendar, Calendar No. 211.",11/02/2023,1,,,,,
H.R. 4364,https://www.congress.gov/bill/118th-congress/house-bill/4364,118th Congress (2023-2024),"Legislative Branch Appropriations Act, 2024","Amodei, Mark E. [Rep.-R-NV-2]",06/27/2023,House - Appropriations,Received in the Senate. Read twice. Placed on Senate Legislative Calendar under General Orders. Calendar No. 235.,11/02/2023,0,,,,,
H.Res. 838,https://www.congress.gov/bill/118th-congress/house-resolution/838,118th Congress (2023-2024),"Providing for consideration of the bill (H.R. 4821) making appropriations for the Department of the Interior, environment, and related agencies for the fiscal year ending September 30, 2024, and for other purposes; providing for consideration of the bill (H.R. 4820) making appropriations for the Departments of Transportation, and Housing and Urban Development, and related agencies for the fiscal year ending September 30, 2024, and for other purposes; and providing for consideration of the bill (H.R. 6126) making emergency supplemental appropriations to respond to the attacks in Israel for the fiscal year ending September 30, 2024, and for other purposes.","Fischbach, Michelle [Rep.-R-MN-7]",11/02/2023,House - Rules,Motion to reconsider laid on the table Agreed to without objection.,11/02/2023,0,,,,,
H.R. 4509,https://www.congress.gov/bill/118th-congress/house-bill/4509,118th Congress (2023-2024),Transparency in Billing Act of 2023,"Foxx, Virginia [Rep.-R-NC-5]",07/10/2023,House - Education and the Workforce,"Placed on the Union Calendar, Calendar No. 208.",11/01/2023,1,,,,,
H.R. 4508,https://www.congress.gov/bill/118th-congress/house-bill/4508,118th Congress (2023-2024),Hidden Fee Disclosure Act of 2023,"Courtney, Joe [Rep.-D-CT-2]",07/10/2023,House - Education and the Workforce,"Placed on the Union Calendar, Calendar No. 209.",11/01/2023,1,,,,,
H.R. 4394,https://www.congress.gov/bill/118th-congress/house-bill/4394,118th Congress (2023-2024),"Energy and Water Development and Related Agencies Appropriations Act, 2024","Fleischmann, Charles J. ""Chuck"" [Rep.-R-TN-3]",06/30/2023,House - Appropriations,Received in the Senate. Read twice. Placed on Senate Legislative Calendar under General Orders. Calendar No. 233.,11/01/2023,0,,,,,
H.R. 662,https://www.congress.gov/bill/118th-congress/house-bill/662,118th Congress (2023-2024),Block Grant Assistance Act of 2023,"Franklin, C. Scott [Rep.-R-FL-18]",01/31/2023,House - Agriculture | Senate - Appropriations,"Under the order of 10/24/23, having not achieved 60 votes in the affirmative, failed of passage in Senate by Yea-Nay Vote. 43 - 53. Record Vote Number: 285.",11/01/2023,31,,,,,
H.R. 4527,https://www.congress.gov/bill/118th-congress/house-bill/4527,118th Congress (2023-2024),Health DATA Act of 2023,"Chavez-DeRemer, Lori [Rep.-R-OR-5]",07/11/2023,House - Education and the Workforce,"Placed on the Union Calendar, Calendar No. 210.",11/01/2023,2,,,,,
H.R. 5721,https://www.congress.gov/bill/118th-congress/house-bill/5721,118th Congress (2023-2024),Rape Kit Backlog Progress Act of 2023,"Mace, Nancy [Rep.-R-SC-1]",09/26/2023,House - Judiciary,"Placed on the Union Calendar, Calendar No. 206.",10/26/2023,40,,,,,
H.R. 3309,https://www.congress.gov/bill/118th-congress/house-bill/3309,118th Congress (2023-2024),Standard FEES Act,"Palmer, Gary J. [Rep.-R-AL-6]",05/15/2023,"House - Energy and Commerce, Transportation and Infrastructure","Reported by the Committee on Energy and Commerce. H. Rept. 118-245, Part I.",10/25/2023,2,,,,,
H.R. 3369,https://www.congress.gov/bill/118th-congress/house-bill/3369,118th Congress (2023-2024),Artificial Intelligence Accountability Act,"Harder, Josh [Rep.-D-CA-9]",05/16/2023,House - Energy and Commerce,"Placed on the Union Calendar, Calendar No. 195.",10/25/2023,2,,,,,
H.R. 4957,https://www.congress.gov/bill/118th-congress/house-bill/4957,118th Congress (2023-2024),Department of Labor Succession Act,"Kiley, Kevin [Rep.-R-CA-3]",07/27/2023,House - Education and the Workforce,"Placed on the Union Calendar, Calendar No. 204.",10/25/2023,2,,,,,
H.R. 4365,https://www.congress.gov/bill/118th-congress/house-bill/4365,118th Congress (2023-2024),"Department of Defense Appropriations Act, 2024","Calvert, Ken [Rep.-R-CA-41]",06/27/2023,House - Appropriations,Received in the Senate. Read twice. Placed on Senate Legislative Calendar under General Orders. Calendar No. 226.,10/16/2023,0,,,,,
H.R. 5110,https://www.congress.gov/bill/118th-congress/house-bill/5110,118th Congress (2023-2024),Protecting Hunting Heritage and Education Act,"Green, Mark E. [Rep.-R-TN-7]",08/01/2023,House - Education and the Workforce,Became Public Law No: 118-17.,10/06/2023,71,,,,,
H.Res. 699,https://www.congress.gov/bill/118th-congress/house-resolution/699,118th Congress (2023-2024),"Providing for consideration of the bill (H.R. 1130) to repeal restrictions on the export and import of natural gas; providing for consideration of the resolution (H. Res. 684) condemning the actions of Governor of New Mexico, Michelle Lujan Grisham, for subverting the Second Amendment to the Constitution and depriving the citizens of New Mexico of their right to bear arms; and providing for consideration of the bill (H.R. 5525) making continuing appropriations for fiscal year 2024, and for other purposes.","Reschenthaler, Guy [Rep.-R-PA-14]",09/19/2023,House - Rules,"Pursuant to the provisions of H. Res. 756, H. Res. 699 is laid on the table.",10/03/2023,0,,,,,
H.R. 4665,https://www.congress.gov/bill/118th-congress/house-bill/4665,118th Congress (2023-2024),"Department of State, Foreign Operations, and Related Programs Appropriations Act, 2024","Diaz-Balart, Mario [Rep.-R-FL-26]",07/17/2023,House - Appropriations,Received in the Senate. Read twice. Placed on Senate Legislative Calendar under General Orders. Calendar No. 222.,10/03/2023,0,,,,,
H.Res. 756,https://www.congress.gov/bill/118th-congress/house-resolution/756,118th Congress (2023-2024),"Providing for consideration of the bill (H.R. 4394) making appropriations for energy and water development and related agencies for the fiscal year ending September 30, 2024, and for other purposes, and providing for consideration of the bill (H.R. 4364) making appropriations for the Legislative Branch for the fiscal year ending September 30, 2024, and for other purposes.","Reschenthaler, Guy [Rep.-R-PA-14]",10/03/2023,House - Rules,Motion to reconsider laid on the table Agreed to without objection.,10/03/2023,0,,,,,
H.R. 2577,https://www.congress.gov/bill/118th-congress/house-bill/2577,118th Congress (2023-2024),DHS Suicide Prevention and Resiliency for Law Enforcement Act,"Thompson, Bennie G. [Rep.-D-MS-2]",04/13/2023,House - Homeland Security,"Placed on the Union Calendar, Calendar No. 189.",10/02/2023,15,,,,,
H.R. 3943,https://www.congress.gov/bill/118th-congress/house-bill/3943,118th Congress (2023-2024),Servicemember Employment Protection Act of 2023,"Franklin, C. Scott [Rep.-R-FL-18]",06/09/2023,House - Veterans' Affairs,"Placed on the Union Calendar, Calendar No. 193.",10/02/2023,1,,,,,
H.R. 3557,https://www.congress.gov/bill/118th-congress/house-bill/3557,118th Congress (2023-2024),American Broadband Deployment Act of 2023,"Carter, Earl L. ""Buddy"" [Rep.-R-GA-1]",05/22/2023,"House - Energy and Commerce, Natural Resources, Transportation and Infrastructure","Placed on the Union Calendar, Calendar No. 192.",10/02/2023,11,,,,,
H.Res. 741,https://www.congress.gov/bill/118th-congress/house-resolution/741,118th Congress (2023-2024),"Providing for consideration of the bill (H.R. 5525) making continuing appropriations for fiscal year 2024, and for other purposes.","Reschenthaler, Guy [Rep.-R-PA-14]",09/29/2023,House - Rules,Motion to reconsider laid on the table Agreed to without objection.,09/29/2023,0,,,,,
H.R. 4822,https://www.congress.gov/bill/118th-congress/house-bill/4822,118th Congress (2023-2024),Health Care Price Transparency Act of 2023,"Smith, Jason [Rep.-R-MO-8]",07/24/2023,"House - Ways and Means, Energy and Commerce, Education and the Workforce, Budget","Reported (Amended) by the Committee on Ways and Means. H. Rept. 118-231, Part I.",09/29/2023,0,,,,,
H.R. 4368,https://www.congress.gov/bill/118th-congress/house-bill/4368,118th Congress (2023-2024),"Agriculture, Rural Development, Food and Drug Administration, and Related Agencies Appropriations Act, 2024","Harris, Andy [Rep.-R-MD-1]",06/27/2023,House - Appropriations,Motion to reconsider laid on the table Agreed to without objection.,09/28/2023,0,,,,,
H.Res. 730,https://www.congress.gov/bill/118th-congress/house-resolution/730,118th Congress (2023-2024),"Providing for consideration of the bill (H.R. 5692) making supplemental appropriations for the fiscal year ending September 30, 2024, and for other purposes; providing for further consideration of the bill (H.R. 4365) making appropriations for the Department of Defense for the fiscal year ending September 30, 2024, and for other purposes; and providing for further consideration of the bill (H.R. 4367) making appropriations for the Department of Homeland Security for the fiscal year ending September 30, 2024, and for other purposes.","Cole, Tom [Rep.-R-OK-4]",09/27/2023,House - Rules,Motion to reconsider laid on the table Agreed to without objection.,09/28/2023,0,,,,,
H.R. 4367,https://www.congress.gov/bill/118th-congress/house-bill/4367,118th Congress (2023-2024),"Department of Homeland Security Appropriations Act, 2024","Joyce, David P. [Rep.-R-OH-14]",06/27/2023,House - Appropriations,"The Clerk was authorized to correct section numbers, punctuation, and cross references, and to make other necessary technical and conforming corrections in the engrossment of H.R. 4367.",09/28/2023,0,,,,,
H.R. 5425,https://www.congress.gov/bill/118th-congress/house-bill/5425,118th Congress (2023-2024),"To amend the Small Business Act to enhance the Office of Rural Affairs, and for other purposes.","Golden, Jared F. [Rep.-D-ME-2]",09/13/2023,House - Small Business,"Placed on the Union Calendar, Calendar No. 180.",09/26/2023,3,,,,,
H.R. 5340,https://www.congress.gov/bill/118th-congress/house-bill/5340,118th Congress (2023-2024),Providing Complete Information to Retirement Investors Act,"Banks, Jim [Rep.-R-IN-3]",09/05/2023,House - Education and the Workforce,"Placed on the Union Calendar, Calendar No. 183.",09/26/2023,1,,,,,
H.R. 5338,https://www.congress.gov/bill/118th-congress/house-bill/5338,118th Congress (2023-2024),No Discrimination in My Benefits Act,"Good, Bob [Rep.-R-VA-5]",09/05/2023,House - Education and the Workforce,"Placed on the Union Calendar, Calendar No. 185.",09/26/2023,0,,,,,
H.R. 5424,https://www.congress.gov/bill/118th-congress/house-bill/5424,118th Congress (2023-2024),Main Street Competes Act,"Scholten, Hillary J. [Rep.-D-MI-3]",09/13/2023,House - Small Business,"Placed on the Union Calendar, Calendar No. 181.",09/26/2023,3,,,,,
H.R. 5337,https://www.congress.gov/bill/118th-congress/house-bill/5337,118th Congress (2023-2024),Retirement Proxy Protection Act,"Houchin, Erin [Rep.-R-IN-9]",09/05/2023,House - Education and the Workforce,"Placed on the Union Calendar, Calendar No. 186.",09/26/2023,8,,,,,
H.R. 3447,https://www.congress.gov/bill/118th-congress/house-bill/3447,118th Congress (2023-2024),"To amend title 23, United States Code, to authorize a hydrogen powered vehicle to exceed certain weight limits on the Interstate Highway System, and for other purposes.","Stanton, Greg [Rep.-D-AZ-4]",05/17/2023,House - Transportation and Infrastructure,"Placed on the Union Calendar, Calendar No. 176.",09/26/2023,0,,,,,
H.Res. 723,https://www.congress.gov/bill/118th-congress/house-resolution/723,118th Congress (2023-2024),"Providing for consideration of the bill (H.R. 4365) making appropriations for the Department of Defense for the fiscal year ending September 30, 2024, and for other purposes; providing for consideration of the bill (H.R. 4367) making appropriations for the Department of Homeland Security for the fiscal year ending September 30, 2024, and for other purposes; providing for consideration of the bill (H.R. 4665) making appropriations for the Department of State, foreign operations, and related programs for the fiscal year ending September 30, 2024, and for other purposes; and providing for consideration of the bill (H.R. 4368) making appropriations for Agriculture, Rural Development, Food and Drug Administration, and Related Agencies programs for the fiscal year ending September 30, 2024, and for other purposes.","Roy, Chip [Rep.-R-TX-21]",09/26/2023,House - Rules,Motion to reconsider laid on the table Agreed to without objection.,09/26/2023,0,,,,,
H.Res. 712,https://www.congress.gov/bill/118th-congress/house-resolution/712,118th Congress (2023-2024),"Providing for consideration of the bill (H.R. 4365) making appropriations for the Department of Defense for the fiscal year ending September 30, 2024, and for other purposes; providing for consideration of the bill (H.R. 1130) to repeal restrictions on the export and import of natural gas; and providing for consideration of the resolution (H. Res. 684) condemning the actions of Governor of New Mexico, Michelle Lujan Grisham, for subverting the Second Amendment to the Constitution and depriving the citizens of New Mexico of their right to bear arms.","Cole, Tom [Rep.-R-OK-4]",09/21/2023,House - Rules,Motion to reconsider laid on the table Agreed to without objection.,09/22/2023,0,,,,,
H.R. 2544,https://www.congress.gov/bill/118th-congress/house-bill/2544,118th Congress (2023-2024),Securing the U.S. Organ Procurement and Transplantation Network Act,"Bucshon, Larry [Rep.-R-IN-8]",04/10/2023,House - Energy and Commerce,Became Public Law No: 118-14.,09/22/2023,10,,,,,
H.R. 3915,https://www.congress.gov/bill/118th-congress/house-bill/3915,118th Congress (2023-2024),Aviation Weather Improvement Act,"McCormick, Richard [Rep.-R-GA-6]",06/07/2023,"House - Science, Space, and Technology","Placed on the Union Calendar, Calendar No. 171.",09/21/2023,1,,,,,
H.R. 1530,https://www.congress.gov/bill/118th-congress/house-bill/1530,118th Congress (2023-2024),Veterans Benefits Improvement Act of 2023,"Luttrell, Morgan [Rep.-R-TX-8]",03/10/2023,House - Veterans' Affairs,Received in the Senate.,09/21/2023,5,,,,,
H.R. 1130,https://www.congress.gov/bill/118th-congress/house-bill/1130,118th Congress (2023-2024),Unlocking our Domestic LNG Potential Act of 2023,"Johnson, Bill [Rep.-R-OH-6]",02/21/2023,House - Energy and Commerce,"Rules Committee Resolution H. Res. 712 Reported to House. Rule provides for consideration of H.R. 4365, H.R. 1130 and H. Res. 684. The resolution provides for consideration of H.R. 4365, under a structured rule; H.R. 1130, under a structured rule; and H.Res. 684, under a closed rule. The resolution provides for one hour of general debate on all three bills.",09/21/2023,7,,,,,
H.R. 3371,https://www.congress.gov/bill/118th-congress/house-bill/3371,118th Congress (2023-2024),Wounded Knee Massacre Memorial and Sacred Site Act,"Johnson, Dusty [Rep.-R-SD-At Large]",05/16/2023,House - Natural Resources | Senate - Indian Affairs,Received in the Senate and Read twice and referred to the Committee on Indian Affairs.,09/21/2023,1,,,,,
H.R. 1418,https://www.congress.gov/bill/118th-congress/house-bill/1418,118th Congress (2023-2024),Animal Drug and Animal Generic Drug User Fee Amendments of 2023,"Pence, Greg [Rep.-R-IN-6]",03/07/2023,House - Energy and Commerce,Read twice. Placed on Senate Legislative Calendar under General Orders. Calendar No. 210.,09/20/2023,2,,,,,
H.R. 1245,https://www.congress.gov/bill/118th-congress/house-bill/1245,118th Congress (2023-2024),Grizzly Bear State Management Act of 2023,"Hageman, Harriet M. [Rep.-R-WY-At Large]",02/28/2023,House - Natural Resources,"Placed on the Union Calendar, Calendar No. 165.",09/20/2023,4,,,,,
H.Res. 680,https://www.congress.gov/bill/118th-congress/house-resolution/680,118th Congress (2023-2024),"Providing for consideration of the bill (H.R. 1435) to amend the Clean Air Act to prevent the elimination of the sale of internal combustion engines, and providing for consideration of the bill (H.R. 4365) making appropriations for the Department of Defense for the fiscal year ending September 30, 2024, and for other purposes.","Cole, Tom [Rep.-R-OK-4]",09/13/2023,House - Rules,Motion to reconsider laid on the table Agreed to without objection.,09/19/2023,0,,,,,
H.R. 3981,https://www.congress.gov/bill/118th-congress/house-bill/3981,118th Congress (2023-2024),Isakson-Roe Education Oversight Expansion Act,"McGarvey, Morgan [Rep.-D-KY-3]",06/09/2023,House - Veterans' Affairs | Senate - Veterans' Affairs,Received in the Senate and Read twice and referred to the Committee on Veterans' Affairs.,09/19/2023,1,,,,,
H.R. 1435,https://www.congress.gov/bill/118th-congress/house-bill/1435,118th Congress (2023-2024),Preserving Choice in Vehicle Purchases Act,"Joyce, John [Rep.-R-PA-13]",03/08/2023,House - Energy and Commerce | Senate - Environment and Public Works,Received in the Senate and Read twice and referred to the Committee on Environment and Public Works.,09/18/2023,83,,,,,
H.R. 1450,https://www.congress.gov/bill/118th-congress/house-bill/1450,118th Congress (2023-2024),Treating Tribes and Counties as Good Neighbors Act,"Fulcher, Russ [Rep.-R-ID-1]",03/08/2023,"House - Agriculture, Natural Resources | Senate - Agriculture, Nutrition, and Forestry","Received in the Senate and Read twice and referred to the Committee on Agriculture, Nutrition, and Forestry.",09/18/2023,9,,,,,
H.Res. 681,https://www.congress.gov/bill/118th-congress/house-resolution/681,118th Congress (2023-2024),Providing for consideration of the bill (H.R. 1435) to amend the Clean Air Act to prevent the elimination of the sale of internal combustion engines.,"Burgess, Michael C. [Rep.-R-TX-26]",09/13/2023,House - Rules,Motion to reconsider laid on the table Agreed to without objection.,09/14/2023,0,,,,,
H.R. 1567,https://www.congress.gov/bill/118th-congress/house-bill/1567,118th Congress (2023-2024),ACRES Act,"Tiffany, Thomas P. [Rep.-R-WI-7]",03/10/2023,"House - Natural Resources, Agriculture | Senate - Energy and Natural Resources",Received in the Senate and Read twice and referred to the Committee on Energy and Natural Resources.,09/14/2023,1,,,,,
H.R. 4762,https://www.congress.gov/bill/118th-congress/house-bill/4762,118th Congress (2023-2024),"To amend title 49, United States Code, to extend the non-premium war risk insurance program.","Yakym, Rudy [Rep.-R-IN-2]",07/20/2023,House - Transportation and Infrastructure,"Placed on the Union Calendar, Calendar No. 158.",09/13/2023,1,,,,,
H.R. 3389,https://www.congress.gov/bill/118th-congress/house-bill/3389,118th Congress (2023-2024),Emergency Wildfire Fighting Technology Act of 2023,"Valadao, David G. [Rep.-R-CA-22]",05/16/2023,"House - Natural Resources, Agriculture | Senate - Agriculture, Nutrition, and Forestry","Received in the Senate and Read twice and referred to the Committee on Agriculture, Nutrition, and Forestry.",09/13/2023,9,,,,,
H.R. 1501,https://www.congress.gov/bill/118th-congress/house-bill/1501,118th Congress (2023-2024),UAS Act,"Guest, Michael [Rep.-R-MS-3]",03/09/2023,House - Homeland Security | Senate - Homeland Security and Governmental Affairs,Received in the Senate and Read twice and referred to the Committee on Homeland Security and Governmental Affairs.,09/05/2023,10,,,,,
H.R. 4090,https://www.congress.gov/bill/118th-congress/house-bill/4090,118th Congress (2023-2024),Fire Grants and Safety Act of 2023,"Kean, Thomas H. [Rep.-R-NJ-7]",06/14/2023,"House - Science, Space, and Technology","Placed on the Union Calendar, Calendar No. 141.",09/01/2023,14,,,,,
H.R. 4469,https://www.congress.gov/bill/118th-congress/house-bill/4469,118th Congress (2023-2024),No Fuel Credits for Batteries Act of 2023,"Pence, Greg [Rep.-R-IN-6]",07/06/2023,House - Energy and Commerce,"Placed on the Union Calendar, Calendar No. 136.",09/01/2023,2,,,,,
H.R. 3995,https://www.congress.gov/bill/118th-congress/house-bill/3995,118th Congress (2023-2024),Small Business Regulatory Reduction Act,"Van Duyne, Beth [Rep.-R-TX-24]",06/09/2023,House - Small Business,"Placed on the Union Calendar, Calendar No. 144.",09/01/2023,6,,,,,
H.R. 369,https://www.congress.gov/bill/118th-congress/house-bill/369,118th Congress (2023-2024),NIST Wildland Fire Communications and Information Dissemination Act,"Kim, Young [Rep.-R-CA-40]",01/17/2023,"House - Science, Space, and Technology","Placed on the Union Calendar, Calendar No. 142.",09/01/2023,5,,,,,
H.R. 4671,https://www.congress.gov/bill/118th-congress/house-bill/4671,118th Congress (2023-2024),Corrective Action Report Oversight and Accountability Act,"Perez, Marie Gluesenkamp [Rep.-D-WA-3]",07/17/2023,House - Small Business,"Placed on the Union Calendar, Calendar No. 140.",09/01/2023,1,,,,,
H.R. 783,https://www.congress.gov/bill/118th-congress/house-bill/783,118th Congress (2023-2024),"To designate the Department of Energy Integrated Engineering Research Center Federal Building located at the Fermi National Accelerator Laboratory in Batavia, Illinois, as the ""Helen Edwards Engineering Research Center"".","Foster, Bill [Rep.-D-IL-11]",02/02/2023,House - Transportation and Infrastructure,"Placed on the House Calendar, Calendar No. 32.",08/22/2023,1,,,,,
H.R. 3932,https://www.congress.gov/bill/118th-congress/house-bill/3932,118th Congress (2023-2024),Intelligence Authorization Act for Fiscal Year 2024,"Turner, Michael R. [Rep.-R-OH-10]",06/07/2023,House - Intelligence (Permanent Select),"Placed on the Union Calendar, Calendar No. 129.",08/18/2023,0,,,,,
H.R. 4004,https://www.congress.gov/bill/118th-congress/house-bill/4004,118th Congress (2023-2024),United States-Taiwan Initiative on 21st-Century Trade First Agreement Implementation Act,"Smith, Jason [Rep.-R-MO-8]",06/12/2023,House - Ways and Means,Became Public Law No: 118-13.,08/07/2023,43,,,,,
H.R. 3399,https://www.congress.gov/bill/118th-congress/house-bill/3399,118th Congress (2023-2024),Soo Locks Security and Economic Reporting Act of 2023,"James, John [Rep.-R-MI-10]",05/17/2023,House - Transportation and Infrastructure | Senate - Environment and Public Works,Received in the Senate and Read twice and referred to the Committee on Environment and Public Works.,07/27/2023,3,,,,,
H.R. 3395,https://www.congress.gov/bill/118th-congress/house-bill/3395,118th Congress (2023-2024),U.S. Supply Chain Security Review Act of 2023,"Auchincloss, Jake [Rep.-D-MA-4]",05/17/2023,"House - Transportation and Infrastructure | Senate - Commerce, Science, and Transportation","Received in the Senate and Read twice and referred to the Committee on Commerce, Science, and Transportation.",07/27/2023,1,,,,,
H.R. 3286,https://www.congress.gov/bill/118th-congress/house-bill/3286,118th Congress (2023-2024),Securing Open Source Software Act of 2023,"Green, Mark E. [Rep.-R-TN-7]",05/15/2023,"House - Homeland Security, Oversight and Accountability","Placed on the Union Calendar, Calendar No. 127.",07/27/2023,3,,,,,
H.R. 1345,https://www.congress.gov/bill/118th-congress/house-bill/1345,118th Congress (2023-2024),NTIA Policy and Cybersecurity Coordination Act,"Curtis, John R. [Rep.-R-UT-3]",03/03/2023,"House - Energy and Commerce | Senate - Commerce, Science, and Transportation","Received in the Senate and Read twice and referred to the Committee on Commerce, Science, and Transportation.",07/26/2023,2,,,,,
H.Res. 614,https://www.congress.gov/bill/118th-congress/house-resolution/614,118th Congress (2023-2024),"Providing for consideration of the bill (H.R. 4366) making appropriations for military construction, the Department of Veterans Affairs, and related agencies for the fiscal year ending September 30, 2024, and for other purposes; providing for consideration of the joint resolution (S.J. Res. 9) providing for congressional disapproval under chapter 8 of title 5, United States Code, of the rule submitted by the United States Fish and Wildlife Service relating to ""Endangered and Threatened Wildlife and Plants; Lesser Prairie-Chicken; Threatened Status With Section 4(d) Rule for the Northern Distinct Population Segment and Endangered Status for the Southern Distinct Population Segment""; and providing for consideration of the joint resolution (S.J. Res. 24) providing for congressional disapproval under chapter 8 of title 5, United States Code, of the rule submitted by the United States Fish and Wildlife Service relating to ""Endangered and Threatened Wildlife and Plants; Endangered Species Status for Northern Long-Eared Bat"".","Reschenthaler, Guy [Rep.-R-PA-14]",07/26/2023,House - Rules,Motion to reconsider laid on the table Agreed to without objection.,07/26/2023,0,,,,,
H.R. 682,https://www.congress.gov/bill/118th-congress/house-bill/682,118th Congress (2023-2024),Launch Communications Act,"Soto, Darren [Rep.-D-FL-9]",01/31/2023,"House - Energy and Commerce | Senate - Commerce, Science, and Transportation","Received in the Senate and Read twice and referred to the Committee on Commerce, Science, and Transportation.",07/26/2023,1,,,,,
H.R. 752,https://www.congress.gov/bill/118th-congress/house-bill/752,118th Congress (2023-2024),Securing Semiconductor Supply Chains Act of 2023,"Eshoo, Anna G. [Rep.-D-CA-16]",02/02/2023,House - Energy and Commerce,Received in the Senate.,07/26/2023,1,,,,,
H.R. 4470,https://www.congress.gov/bill/118th-congress/house-bill/4470,118th Congress (2023-2024),Protecting and Securing Chemical Facilities from Terrorist Attacks Act of 2023,"Lee, Laurel M. [Rep.-R-FL-15]",07/06/2023,"House - Homeland Security, Energy and Commerce",Received in the Senate.,07/26/2023,3,,,,,
H.R. 1338,https://www.congress.gov/bill/118th-congress/house-bill/1338,118th Congress (2023-2024),SAT Streamlining Act,"McMorris Rodgers, Cathy [Rep.-R-WA-5]",03/03/2023,House - Energy and Commerce,"On motion to suspend the rules and pass the bill, as amended Failed by the Yeas and Nays: (2/3 required): 250 - 163, 1 Present (Roll no. 365).",07/25/2023,1,,,,,
H.R. 3941,https://www.congress.gov/bill/118th-congress/house-bill/3941,118th Congress (2023-2024),Schools Not Shelters Act,"Molinaro, Marcus J. [Rep.-R-NY-19]",06/09/2023,"House - Education and the Workforce | Senate - Health, Education, Labor, and Pensions","Received in the Senate and Read twice and referred to the Committee on Health, Education, Labor, and Pensions.",07/20/2023,6,,,,,
H.Res. 597,https://www.congress.gov/bill/118th-congress/house-resolution/597,118th Congress (2023-2024),"Providing for consideration of the bill (H.R. 3935) to amend title 49, United States Code, to reauthorize and improve the Federal Aviation Administration and other civil aviation programs, and for other purposes, and providing for consideration of the bill (H.R. 3941) to prohibit the use of the facilities of a public elementary school, a public secondary school, or an institution of higher education to provide shelter for aliens who have not been admitted into the United States, and for other purposes.","Houchin, Erin [Rep.-R-IN-9]",07/18/2023,House - Rules,Motion to reconsider laid on the table Agreed to without objection.,07/18/2023,0,,,,,
H.R. 813,https://www.congress.gov/bill/118th-congress/house-bill/813,118th Congress (2023-2024),Global Investment in American Jobs Act of 2023,"Pence, Greg [Rep.-R-IN-6]",02/02/2023,"House - Energy and Commerce | Senate - Commerce, Science, and Transportation","Received in the Senate and Read twice and referred to the Committee on Commerce, Science, and Transportation.",07/18/2023,5,,,,,
H.R. 1282,https://www.congress.gov/bill/118th-congress/house-bill/1282,118th Congress (2023-2024),Major Richard Star Act,"Bilirakis, Gus M. [Rep.-R-FL-12]",03/01/2023,"House - Armed Services, Veterans' Affairs","Placed on the Union Calendar, Calendar No. 117.",07/18/2023,326,,,,,
H.Res. 583,https://www.congress.gov/bill/118th-congress/house-resolution/583,118th Congress (2023-2024),"Providing for further consideration of the bill (H.R. 2670) to authorize appropriations for fiscal year 2024 for military activities of the Department of Defense and for military construction, and for defense activities of the Department of Energy, to prescribe military personnel strengths for such fiscal year, and for other purposes.","Cole, Tom [Rep.-R-OK-4]",07/13/2023,House - Rules,Motion to reconsider laid on the table Agreed to without objection.,07/13/2023,0,,,,,
H.R. 1548,https://www.congress.gov/bill/118th-congress/house-bill/1548,118th Congress (2023-2024),Improving Access to Small Business Information Act,"Kim, Young [Rep.-R-CA-40]",03/10/2023,"House - Financial Services, Oversight and Accountability | Senate - Banking, Housing, and Urban Affairs","Received in the Senate and Read twice and referred to the Committee on Banking, Housing, and Urban Affairs.",07/12/2023,1,,,,,
H.Res. 582,https://www.congress.gov/bill/118th-congress/house-resolution/582,118th Congress (2023-2024),"Providing for consideration of the bill (H.R. 2670) to authorize appropriations for fiscal year 2024 for military activities of the Department of Defense and for military construction, and for defense activities of the Department of Energy, to prescribe military personnel strengths for such fiscal year, and for other purposes.","Cole, Tom [Rep.-R-OK-4]",07/12/2023,House - Rules,Motion to reconsider laid on the table Agreed to without objection.,07/12/2023,0,,,,,
H.R. 2622,https://www.congress.gov/bill/118th-congress/house-bill/2622,118th Congress (2023-2024),"To amend the Investment Advisers Act of 1940 to codify certain Securities and Exchange Commission no-action letters that exclude brokers and dealers compensated for certain research services from the definition of investment adviser, and for other purposes.","Sessions, Pete [Rep.-R-TX-17]",04/13/2023,"House - Financial Services | Senate - Banking, Housing, and Urban Affairs","Received in the Senate and Read twice and referred to the Committee on Banking, Housing, and Urban Affairs.",07/12/2023,1,,,,,
H.R. 3559,https://www.congress.gov/bill/118th-congress/house-bill/3559,118th Congress (2023-2024),FAA Research and Development Act of 2023,"Lucas, Frank D. [Rep.-R-OK-3]",05/22/2023,"House - Science, Space, and Technology, Transportation and Infrastructure","Placed on the Union Calendar, Calendar No. 110.",07/11/2023,0,,,,,
H.R. 3564,https://www.congress.gov/bill/118th-congress/house-bill/3564,118th Congress (2023-2024),Middle Class Borrower Protection Act of 2023,"Davidson, Warren [Rep.-R-OH-8]",05/22/2023,"House - Financial Services | Senate - Banking, Housing, and Urban Affairs","Received in the Senate and Read twice and referred to the Committee on Banking, Housing, and Urban Affairs.",07/10/2023,13,,,,,
H.R. 3937,https://www.congress.gov/bill/118th-congress/house-bill/3937,118th Congress (2023-2024),Small Business Jobs Act,"Smith, Jason [Rep.-R-MO-8]",06/09/2023,House - Ways and Means,"Placed on the Union Calendar, Calendar No. 100.",06/30/2023,0,,,,,
H.R. 3936,https://www.congress.gov/bill/118th-congress/house-bill/3936,118th Congress (2023-2024),Tax Cuts for Working Families Act,"Smith, Jason [Rep.-R-MO-8]",06/09/2023,House - Ways and Means,"Placed on the Union Calendar, Calendar No. 101.",06/30/2023,0,,,,,
H.R. 3938,https://www.congress.gov/bill/118th-congress/house-bill/3938,118th Congress (2023-2024),Build It in America Act,"Smith, Jason [Rep.-R-MO-8]",06/09/2023,House - Ways and Means,"Placed on the Union Calendar, Calendar No. 99.",06/30/2023,0,,,,,
H.R. 2741,https://www.congress.gov/bill/118th-congress/house-bill/2741,118th Congress (2023-2024),Coast Guard Authorization Act of 2023,"Graves, Sam [Rep.-R-MO-6]",04/20/2023,House - Transportation and Infrastructure,"Placed on the Union Calendar, Calendar No. 91.",06/27/2023,3,,,,,
H.J.Res. 44,https://www.congress.gov/bill/118th-congress/house-joint-resolution/44,118th Congress (2023-2024),"Providing for congressional disapproval under chapter 8 of title 5, United States Code, of the rule submitted by the Bureau of Alcohol, Tobacco, Firearms, and Explosives relating to ""Factoring Criteria for Firearms with Attached 'Stabilizing Braces'"".","Clyde, Andrew S. [Rep.-R-GA-9]",03/17/2023,House - Judiciary,Message on Senate action sent to the House.,06/22/2023,188,,,,,
H.Res. 529,https://www.congress.gov/bill/118th-congress/house-resolution/529,118th Congress (2023-2024),"Relating to the resolution (H. Res. 503) impeaching Joseph R. Biden, Jr., President of the United States, for high crimes and misdemeanors.","Roy, Chip [Rep.-R-TX-21]",06/21/2023,House - Rules,Motion to reconsider laid on the table Agreed to without objection.,06/22/2023,0,,,,,
H.Res. 461,https://www.congress.gov/bill/118th-congress/house-resolution/461,118th Congress (2023-2024),Condemning the use of elementary and secondary school facilities to provide shelter for aliens who are not admitted to the United States.,"Miller-Meeks, Mariannette [Rep.-R-IA-1]",06/01/2023,House - Education and the Workforce,Motion to reconsider laid on the table Agreed to without objection.,06/22/2023,13,,,,,
H.J.Res. 45,https://www.congress.gov/bill/118th-congress/house-joint-resolution/45,118th Congress (2023-2024),"Providing for congressional disapproval under chapter 8 of title 5, United States Code, of the rule submitted by the Department of Education relating to ""Waivers and Modifications of Federal Student Loans"".","Good, Bob [Rep.-R-VA-5]",03/27/2023,House - Education and the Workforce,The Chair directed the Clerk to notify the Senate of the action of the House.,06/21/2023,94,,,,,
H.R. 3799,https://www.congress.gov/bill/118th-congress/house-bill/3799,118th Congress (2023-2024),CHOICE Arrangement Act,"Hern, Kevin [Rep.-R-OK-1]",06/05/2023,House - Ways and Means,Motion to reconsider laid on the table Agreed to without objection.,06/21/2023,1,,,,,
H.Res. 524,https://www.congress.gov/bill/118th-congress/house-resolution/524,118th Congress (2023-2024),"Providing for consideration of the bill (H.R. 3564) to cancel recent changes made by the Federal Housing Finance Agency to the up-front loan level pricing adjustments charged by Fannie Mae and Freddie Mac for guarantee of single-family mortgages, and for other purposes; providing for consideration of the bill (H.R. 3799) to amend the Internal Revenue Code of 1986 to provide for health reimbursement arrangements integrated with individual health insurance coverage; and providing for consideration of the resolution (H. Res. 461) condemning the use of elementary and secondary school facilities to provide shelter for aliens who are not admitted to the United States.","Burgess, Michael C. [Rep.-R-TX-26]",06/20/2023,House - Rules,Motion to reconsider laid on the table Agreed to without objection.,06/21/2023,0,,,,,
H.R. 277,https://www.congress.gov/bill/118th-congress/house-bill/277,118th Congress (2023-2024),Regulations from the Executive in Need of Scrutiny Act of 2023,"Cammack, Kat [Rep.-R-FL-3]",01/11/2023,"House - Judiciary, Rules, Budget",Read the second time. Placed on Senate Legislative Calendar under General Orders. Calendar No. 103.,06/21/2023,182,,,,,
H.R. 1606,https://www.congress.gov/bill/118th-congress/house-bill/1606,118th Congress (2023-2024),Veteran Entrepreneurship Training Act of 2023,"Schneider, Bradley Scott [Rep.-D-IL-10]",03/14/2023,House - Small Business | Senate - Small Business and Entrepreneurship,Received in the Senate and Read twice and referred to the Committee on Small Business and Entrepreneurship.,06/21/2023,8,,,,,
H.R. 288,https://www.congress.gov/bill/118th-congress/house-bill/288,118th Congress (2023-2024),Separation of Powers Restoration Act of 2023,"Fitzgerald, Scott [Rep.-R-WI-5]",01/11/2023,House - Judiciary | Senate - Homeland Security and Governmental Affairs,Received in the Senate and Read twice and referred to the Committee on Homeland Security and Governmental Affairs.,06/20/2023,13,,,,,
H.R. 1640,https://www.congress.gov/bill/118th-congress/house-bill/1640,118th Congress (2023-2024),Save Our Gas Stoves Act,"Lesko, Debbie [Rep.-R-AZ-8]",03/17/2023,House - Energy and Commerce | Senate - Energy and Natural Resources,Received in the Senate and Read twice and referred to the Committee on Energy and Natural Resources.,06/15/2023,63,,,,,
H.Con.Res. 43,https://www.congress.gov/bill/118th-congress/house-concurrent-resolution/43,118th Congress (2023-2024),Authorizing the use of the Capitol Grounds for the Greater Washington Soap Box Derby.,"Hoyer, Steny H. [Rep.-D-MD-5]",05/17/2023,House - Transportation and Infrastructure,Message on Senate action sent to the House.,06/15/2023,8,,,,,
H.R. 1615,https://www.congress.gov/bill/118th-congress/house-bill/1615,118th Congress (2023-2024),Gas Stove Protection and Freedom Act,"Armstrong, Kelly [Rep.-R-ND-At Large]",03/17/2023,House - Energy and Commerce,Read the second time. Placed on Senate Legislative Calendar under General Orders. Calendar No. 102.,06/15/2023,5,,,,,
H.R. 2868,https://www.congress.gov/bill/118th-congress/house-bill/2868,118th Congress (2023-2024),Association Health Plans Act,"Walberg, Tim [Rep.-R-MI-5]",04/25/2023,House - Education and the Workforce,"Placed on the Union Calendar, Calendar No. 87.",06/14/2023,7,,,,,
H.R. 1843,https://www.congress.gov/bill/118th-congress/house-bill/1843,118th Congress (2023-2024),Telehealth Expansion Act of 2023,"Steel, Michelle [Rep.-R-CA-45]",03/28/2023,House - Ways and Means,"Placed on the Union Calendar, Calendar No. 84.",06/13/2023,32,,,,,
H.Res. 463,https://www.congress.gov/bill/118th-congress/house-resolution/463,118th Congress (2023-2024),"Providing for consideration of the bill (H.R. 277) to amend chapter 8 of title 5, United States Code, to provide that major rules of the executive branch shall have no force or effect unless a joint resolution of approval is enacted into law; providing for consideration of the bill (H.R. 288) to amend title 5, United States Code, to clarify the nature of judicial review of agency interpretations of statutory and regulatory provisions; providing for consideration of the bill (H.R. 1615) to prohibit the use of Federal funds to ban gas stoves; and providing for consideration of the bill (H.R. 1640) to prohibit the Secretary of Energy from finalizing, implementing, or enforcing the proposed rule titled ""Energy Conservation Program: Energy Conservation Standards for Consumer Conventional Cooking Products"", and for other purposes.","Massie, Thomas [Rep.-R-KY-4]",06/05/2023,House - Rules,"Pursuant to the provisions of H. Res. 495, H. Res. 463 motion to reconsider is laid on the table.",06/13/2023,0,,,,,
H.Res. 495,https://www.congress.gov/bill/118th-congress/house-resolution/495,118th Congress (2023-2024),"Providing for consideration of the joint resolution (H.J. Res. 44) providing for congressional disapproval under chapter 8 of title 5, United States Code, of the rule submitted by the Bureau of Alcohol, Tobacco, Firearms, and Explosives relating to ""Factoring Criteria for Firearms with Attached 'stabilizing braces'""; providing for consideration of the bill (H.R. 277) to amend chapter 8 of title 5, United States Code, to provide that major rules of the executive branch shall have no force or effect unless a joint resolution of approval is enacted into law; providing for consideration of the bill (H.R. 288) to amend title 5, United States Code, to clarify the nature of judicial review of agency interpretations of statutory and regulatory provisions; providing for consideration of the bill (H.R. 1615) to prohibit the use of Federal funds to ban gas stoves; and providing for consideration of the bill (H.R 1640) to prohibit the Secretary of Energy from finalizing, implementing, or enforcing the proposed rule titled ""Energy Conservation Program: Energy Conservation Standards for Consumer Conventional Cooking Products"", and for other purposes.","Massie, Thomas [Rep.-R-KY-4]",06/12/2023,House - Rules,Motion to reconsider laid on the table Agreed to without objection.,06/13/2023,0,,,,,
H.J.Res. 42,https://www.congress.gov/bill/118th-congress/house-joint-resolution/42,118th Congress (2023-2024),Disapproving the action of the District of Columbia Council in approving the Comprehensive Policing and Justice Reform Amendment Act of 2022.,"Clyde, Andrew S. [Rep.-R-GA-9]",03/09/2023,House - Oversight and Accountability | Senate - Homeland Security and Governmental Affairs,The Chair directed the Clerk to notify the Senate of the action of the House.,06/13/2023,19,,,,,
H.R. 3798,https://www.congress.gov/bill/118th-congress/house-bill/3798,118th Congress (2023-2024),Small Business Flexibility Act,"Tenney, Claudia [Rep.-R-NY-24]",06/05/2023,House - Ways and Means,"Placed on the Union Calendar, Calendar No. 82.",06/12/2023,0,,,,,
H.R. 3796,https://www.congress.gov/bill/118th-congress/house-bill/3796,118th Congress (2023-2024),To provide for the extension of taxes funding the Airport and Airway Trust Fund and to require the designation of certain airports as ports of entry.,"Smith, Jason [Rep.-R-MO-8]",06/05/2023,House - Ways and Means,"Placed on the Union Calendar, Calendar No. 81.",06/12/2023,0,,,,,
H.R. 1579,https://www.congress.gov/bill/118th-congress/house-bill/1579,118th Congress (2023-2024),Accredited Investor Definition Review Act,"Huizenga, Bill [Rep.-R-MI-4]",03/14/2023,"House - Financial Services | Senate - Banking, Housing, and Urban Affairs","Received in the Senate and Read twice and referred to the Committee on Banking, Housing, and Urban Affairs.",06/06/2023,1,,,,,
H.R. 835,https://www.congress.gov/bill/118th-congress/house-bill/835,118th Congress (2023-2024),Fair Investment Opportunities for Professional Experts Act,"Hill, J. French [Rep.-R-AR-2]",02/06/2023,"House - Financial Services | Senate - Banking, Housing, and Urban Affairs","Received in the Senate and Read twice and referred to the Committee on Banking, Housing, and Urban Affairs.",06/06/2023,7,,,,,
H.R. 2593,https://www.congress.gov/bill/118th-congress/house-bill/2593,118th Congress (2023-2024),National Senior Investor Initiative Act of 2023,"Gottheimer, Josh [Rep.-D-NJ-5]",04/13/2023,"House - Financial Services | Senate - Banking, Housing, and Urban Affairs","Received in the Senate and Read twice and referred to the Committee on Banking, Housing, and Urban Affairs.",06/06/2023,2,,,,,
H.R. 2608,https://www.congress.gov/bill/118th-congress/house-bill/2608,118th Congress (2023-2024),"To amend the Federal securities laws to specify the periods for which financial statements are required to be provided by an emerging growth company, and for other purposes.","McHenry, Patrick T. [Rep.-R-NC-10]",04/13/2023,"House - Financial Services | Senate - Banking, Housing, and Urban Affairs","Received in the Senate and Read twice and referred to the Committee on Banking, Housing, and Urban Affairs.",06/06/2023,0,,,,,
H.R. 2610,https://www.congress.gov/bill/118th-congress/house-bill/2610,118th Congress (2023-2024),"To amend the Securities Exchange Act of 1934 to specify certain registration statement contents for emerging growth companies, to permit issuers to file draft registration statements with the Securities and Exchange Commission for confidential review, and for other purposes.","McHenry, Patrick T. [Rep.-R-NC-10]",04/13/2023,"House - Financial Services | Senate - Banking, Housing, and Urban Affairs","Received in the Senate and Read twice and referred to the Committee on Banking, Housing, and Urban Affairs.",06/06/2023,0,,,,,
H.R. 2793,https://www.congress.gov/bill/118th-congress/house-bill/2793,118th Congress (2023-2024),Encouraging Public Offerings Act of 2023,"Wagner, Ann [Rep.-R-MO-2]",04/20/2023,"House - Financial Services | Senate - Banking, Housing, and Urban Affairs","Received in the Senate and Read twice and referred to the Committee on Banking, Housing, and Urban Affairs.",06/06/2023,4,,,,,
H.R. 2812,https://www.congress.gov/bill/118th-congress/house-bill/2812,118th Congress (2023-2024),Middle Market IPO Cost Act,"Himes, James A. [Rep.-D-CT-4]",04/25/2023,"House - Financial Services | Senate - Banking, Housing, and Urban Affairs","Received in the Senate and Read twice and referred to the Committee on Banking, Housing, and Urban Affairs.",06/06/2023,1,,,,,
H.R. 1730,https://www.congress.gov/bill/118th-congress/house-bill/1730,118th Congress (2023-2024),Supporting Small Business and Career and Technical Education Act of 2023,"Williams, Roger [Rep.-R-TX-25]",03/22/2023,House - Small Business,"Placed on the Union Calendar, Calendar No. 78.",06/05/2023,7,,,,,
H.R. 1644,https://www.congress.gov/bill/118th-congress/house-bill/1644,118th Congress (2023-2024),7(a) Loan Agent Oversight Act,"Meuser, Daniel [Rep.-R-PA-9]",03/17/2023,House - Small Business,"Placed on the Union Calendar, Calendar No. 76.",06/05/2023,2,,,,,
H.R. 1541,https://www.congress.gov/bill/118th-congress/house-bill/1541,118th Congress (2023-2024),Small Business Workforce Pipeline Act of 2023,"Crow, Jason [Rep.-D-CO-6]",03/10/2023,House - Small Business,"Placed on the Union Calendar, Calendar No. 74.",06/05/2023,3,,,,,
H.R. 1651,https://www.congress.gov/bill/118th-congress/house-bill/1651,118th Congress (2023-2024),Small Business 7(a) Loan Agent Transparency Act,"Phillips, Dean [Rep.-D-MN-3]",03/17/2023,House - Small Business,"Placed on the Union Calendar, Calendar No. 77.",06/05/2023,1,,,,,
H.J.Res. 29,https://www.congress.gov/bill/118th-congress/house-joint-resolution/29,118th Congress (2023-2024),"Providing for congressional disapproval under chapter 8 of title 5, United States Code, of the rule submitted by the United States Fish and Wildlife Service relating to ""Endangered and Threatened Wildlife and Plants; Lesser Prairie-Chicken; Threatened Status With Section 4(d) Rule for the Northern Distinct Population Segment and Endangered Status for the Southern Distinct Population Segment"".","Mann, Tracey [Rep.-R-KS-1]",02/07/2023,House - Natural Resources,"Placed on the Union Calendar, Calendar No. 71.",06/05/2023,9,,,,,
H.J.Res. 46,https://www.congress.gov/bill/118th-congress/house-joint-resolution/46,118th Congress (2023-2024),"Providing for congressional disapproval under chapter 8 of title 5, United States Code, of the rule submitted by the National Marine Fisheries Service relating to ""Endangered and Threatened Wildlife and Plants; Regulations for Listing Endangered and Threatened Species and Designating Critical Habitat"".","Bentz, Cliff [Rep.-R-OR-2]",03/30/2023,House - Natural Resources,"Placed on the Union Calendar, Calendar No. 72.",06/05/2023,12,,,,,
H.J.Res. 49,https://www.congress.gov/bill/118th-congress/house-joint-resolution/49,118th Congress (2023-2024),"Providing for congressional disapproval under chapter 8 of title 5, United States Code, of the rule submitted by the United States Fish and Wildlife Service relating to ""Endangered and Threatened Wildlife and Plants; Endangered Species Status for Northern Long-Eared Bat"".","Stauber, Pete [Rep.-R-MN-8]",03/30/2023,House - Natural Resources,"Placed on the Union Calendar, Calendar No. 73.",06/05/2023,12,,,,,
H.R. 2797,https://www.congress.gov/bill/118th-congress/house-bill/2797,118th Congress (2023-2024),Equal Opportunity for All Investors Act of 2023,"Flood, Mike [Rep.-R-NE-1]",04/24/2023,"House - Financial Services | Senate - Banking, Housing, and Urban Affairs","Received in the Senate and Read twice and referred to the Committee on Banking, Housing, and Urban Affairs.",06/01/2023,3,,,,,
H.R. 2795,https://www.congress.gov/bill/118th-congress/house-bill/2795,118th Congress (2023-2024),Enhancing Multi-Class Share Disclosures Act,"Meeks, Gregory W. [Rep.-D-NY-5]",04/24/2023,"House - Financial Services | Senate - Banking, Housing, and Urban Affairs","Received in the Senate and Read twice and referred to the Committee on Banking, Housing, and Urban Affairs.",05/31/2023,0,,,,,
H.Res. 456,https://www.congress.gov/bill/118th-congress/house-resolution/456,118th Congress (2023-2024),Providing for consideration of the bill (H.R. 3746) to provide for a responsible increase to the debt ceiling.,"Cole, Tom [Rep.-R-OK-4]",05/30/2023,House - Rules,Motion to reconsider laid on the table Agreed to without objection.,05/31/2023,0,,,,,
H.R. 2792,https://www.congress.gov/bill/118th-congress/house-bill/2792,118th Congress (2023-2024),Small Entity Update Act,"Wagner, Ann [Rep.-R-MO-2]",04/20/2023,"House - Financial Services | Senate - Banking, Housing, and Urban Affairs","Received in the Senate and Read twice and referred to the Committee on Banking, Housing, and Urban Affairs.",05/31/2023,5,,,,,
H.R. 2796,https://www.congress.gov/bill/118th-congress/house-bill/2796,118th Congress (2023-2024),Promoting Opportunities for Non-Traditional Capital Formation Act,"Waters, Maxine [Rep.-D-CA-43]",04/24/2023,"House - Financial Services | Senate - Banking, Housing, and Urban Affairs","Received in the Senate and Read twice and referred to the Committee on Banking, Housing, and Urban Affairs.",05/31/2023,0,,,,,
H.R. 1156,https://www.congress.gov/bill/118th-congress/house-bill/1156,118th Congress (2023-2024),China Financial Threat Mitigation Act of 2023,"Spanberger, Abigail Davis [Rep.-D-VA-7]",02/24/2023,"House - Financial Services | Senate - Banking, Housing, and Urban Affairs","Received in the Senate and Read twice and referred to the Committee on Banking, Housing, and Urban Affairs.",05/30/2023,4,,,,,
H.R. 1669,https://www.congress.gov/bill/118th-congress/house-bill/1669,118th Congress (2023-2024),VET–TEC Authorization Act of 2023,"Ciscomani, Juan [Rep.-R-AZ-6]",03/21/2023,House - Veterans' Affairs | Senate - Veterans' Affairs,Received in the Senate and Read twice and referred to the Committee on Veterans' Affairs.,05/30/2023,5,,,,,
H.R. 467,https://www.congress.gov/bill/118th-congress/house-bill/467,118th Congress (2023-2024),HALT Fentanyl Act,"Griffith, H. Morgan [Rep.-R-VA-9]",01/24/2023,"House - Energy and Commerce, Judiciary | Senate - Judiciary",Received in the Senate and Read twice and referred to the Committee on the Judiciary.,05/30/2023,52,,,,,
H.Con.Res. 40,https://www.congress.gov/bill/118th-congress/house-concurrent-resolution/40,118th Congress (2023-2024),Expressing support for local law enforcement officers and condemning efforts to defund or dismantle local law enforcement agencies.,"Buck, Ken [Rep.-R-CO-4]",05/05/2023,House - Judiciary | Senate - Judiciary,Received in the Senate and referred to the Committee on the Judiciary.,05/30/2023,3,,,,,
H.J.Res. 39,https://www.congress.gov/bill/118th-congress/house-joint-resolution/39,118th Congress (2023-2024),"Disapproving the rule submitted by the Department of Commerce relating to ""Procedures Covering Suspension of Liquidation, Duties and Estimated Duties in Accord With Presidential Proclamation 10414"".","Posey, Bill [Rep.-R-FL-8]",03/07/2023,House - Ways and Means,The Chair directed the Clerk to notify the Senate of the action of the House.,05/24/2023,10,,,,,
H.Res. 429,https://www.congress.gov/bill/118th-congress/house-resolution/429,118th Congress (2023-2024),"Providing for consideration of the bill (H.R. 467) to amend the Controlled Substances Act with respect to the scheduling of fentanyl-related substances, and for other purposes; providing for consideration of the joint resolution (S.J. Res. 11) providing for congressional disapproval under chapter 8 of title 5, United States Code, of the rule submitted by the Environmental Protection Agency relating to ""Control of Air Pollution From New Motor Vehicles: Heavy-Duty Engine and Vehicle Standards""; and providing for consideration of the joint resolution (H.J. Res. 45) providing for congressional disapproval under chapter 8 of title 5, United States Code, of the rule submitted by the Department of Education relating to ""Waivers and Modifications of Federal Student Loans"".","Burgess, Michael C. [Rep.-R-TX-26]",05/22/2023,House - Rules,Motion to reconsider laid on the table Agreed to without objection.,05/23/2023,0,,,,,
H.R. 2494,https://www.congress.gov/bill/118th-congress/house-bill/2494,118th Congress (2023-2024),POLICE Act of 2023,"Garbarino, Andrew R. [Rep.-R-NY-2]",04/06/2023,House - Judiciary | Senate - Judiciary,Received in the Senate and Read twice and referred to the Committee on the Judiciary.,05/18/2023,16,,,,,
H.R. 3091,https://www.congress.gov/bill/118th-congress/house-bill/3091,118th Congress (2023-2024),Federal Law Enforcement Officer Service Weapon Purchase Act,"Fry, Russell [Rep.-R-SC-7]",05/05/2023,House - Judiciary | Senate - Judiciary,Received in the Senate and Read twice and referred to the Committee on the Judiciary.,05/18/2023,18,,,,,
H.R. 501,https://www.congress.gov/bill/118th-congress/house-bill/501,118th Congress (2023-2024),"Block, Report, and Suspend Suspicious Shipments Act","Harshbarger, Diana [Rep.-R-TN-1]",01/25/2023,"House - Energy and Commerce, Judiciary","Placed on the Union Calendar, Calendar No. 46.",05/17/2023,7,,,,,
H.R. 1482,https://www.congress.gov/bill/118th-congress/house-bill/1482,118th Congress (2023-2024),NWR Modernization Act of 2023,"Bice, Stephanie I. [Rep.-R-OK-5]",03/09/2023,"House - Science, Space, and Technology","Placed on the Union Calendar, Calendar No. 40.",05/16/2023,6,,,,,
H.R. 1496,https://www.congress.gov/bill/118th-congress/house-bill/1496,118th Congress (2023-2024),National Weather Service Communications Improvement Act,"Feenstra, Randy [Rep.-R-IA-4]",03/09/2023,"House - Science, Space, and Technology","Placed on the Union Calendar, Calendar No. 41.",05/16/2023,16,,,,,
H.R. 1153,https://www.congress.gov/bill/118th-congress/house-bill/1153,118th Congress (2023-2024),DATA Act,"McCaul, Michael T. [Rep.-R-TX-10]",02/24/2023,House - Foreign Affairs,"Placed on the Union Calendar, Calendar No. 43.",05/16/2023,1,,,,,
H.Res. 398,https://www.congress.gov/bill/118th-congress/house-resolution/398,118th Congress (2023-2024),"Providing for consideration of the bill (H.R. 2494) to make the assault of a law enforcement officer a deportable offense, and for other purposes; providing for consideration of the bill (H.R. 3091) to allow Federal law enforcement officers to purchase retired service weapons, and for other purposes; and providing for consideration of the concurrent resolution (H. Con. Res. 40) expressing support for local law enforcement officers and condemning efforts to defund or dismantle local law enforcement agencies.","Fischbach, Michelle [Rep.-R-MN-7]",05/15/2023,House - Rules,Motion to reconsider laid on the table Agreed to without objection.,05/16/2023,0,,,,,
H.R. 3089,https://www.congress.gov/bill/118th-congress/house-bill/3089,118th Congress (2023-2024),NDO Fairness Act,"Fitzgerald, Scott [Rep.-R-WI-5]",05/05/2023,House - Judiciary | Senate - Judiciary,Received in the Senate and Read twice and referred to the Committee on the Judiciary.,05/16/2023,1,,,,,
H.Res. 363,https://www.congress.gov/bill/118th-congress/house-resolution/363,118th Congress (2023-2024),Resolution memorializing law enforcement officers killed in the line of duty,"Guest, Michael [Rep.-R-MS-3]",05/05/2023,House - Judiciary,The title of the measure was amended. Agreed to without objection.,05/15/2023,111,,,,,
H.R. 1163,https://www.congress.gov/bill/118th-congress/house-bill/1163,118th Congress (2023-2024),Protecting Taxpayers and Victims of Unemployment Fraud Act,"Smith, Jason [Rep.-R-MO-8]",02/24/2023,House - Ways and Means,Motion to reconsider laid on the table Agreed to without objection.,05/11/2023,35,,,,,
H.R. 801,https://www.congress.gov/bill/118th-congress/house-bill/801,118th Congress (2023-2024),Securing the Border for Public Health Act of 2023,"Lesko, Debbie [Rep.-R-AZ-8]",02/02/2023,House - Energy and Commerce,"Placed on the Union Calendar, Calendar No. 36.",05/11/2023,14,,,,,
H.R. 1715,https://www.congress.gov/bill/118th-congress/house-bill/1715,118th Congress (2023-2024),Advanced Weather Model Computing Development Act,"Miller, Max L. [Rep.-R-OH-7]",03/22/2023,"House - Science, Space, and Technology | Senate - Commerce, Science, and Transportation","Received in the Senate and Read twice and referred to the Committee on Commerce, Science, and Transportation.",05/10/2023,7,,,,,
H.R. 676,https://www.congress.gov/bill/118th-congress/house-bill/676,118th Congress (2023-2024),Coastal Communities Ocean Acidification Act of 2023,"Pingree, Chellie [Rep.-D-ME-1]",01/31/2023,"House - Science, Space, and Technology | Senate - Commerce, Science, and Transportation","Received in the Senate and Read twice and referred to the Committee on Commerce, Science, and Transportation.",05/10/2023,21,,,,,
H.Res. 383,https://www.congress.gov/bill/118th-congress/house-resolution/383,118th Congress (2023-2024),"Providing for consideration of the bill (H.R. 2) to secure the borders of the United States, and for other purposes, and providing for consideration of the bill (H.R. 1163) to provide incentives for States to recover fraudulently paid Federal and State unemployment compensation, and for other purposes.","Roy, Chip [Rep.-R-TX-21]",05/10/2023,House - Rules,Motion to reconsider laid on the table Agreed to without objection.,05/10/2023,0,,,,,
H.R. 1690,https://www.congress.gov/bill/118th-congress/house-bill/1690,118th Congress (2023-2024),ORDER Act,"McCaul, Michael T. [Rep.-R-TX-10]",03/22/2023,"House - Foreign Affairs, Judiciary","Placed on the Union Calendar, Calendar No. 30.",05/05/2023,18,,,,,
H.Res. 300,https://www.congress.gov/bill/118th-congress/house-resolution/300,118th Congress (2023-2024),"Requesting the President and directing the Secretary of Defense to transmit, respectively, to the House of Representatives copies of all documents indicating any plans for current or future military assistance to Ukraine and documents indicating whether any United States Armed Forces, including special operations forces, are currently deployed in Ukraine.","Gaetz, Matt [Rep.-R-FL-1]",04/17/2023,House - Foreign Affairs,"Placed on the House Calendar, Calendar No. 15.",05/02/2023,1,,,,,
H.R. 1339,https://www.congress.gov/bill/118th-congress/house-bill/1339,118th Congress (2023-2024),Precision Agriculture Satellite Connectivity Act,"Latta, Robert E. [Rep.-R-OH-5]",03/03/2023,"House - Energy and Commerce | Senate - Commerce, Science, and Transportation","Received in the Senate and Read twice and referred to the Committee on Commerce, Science, and Transportation.",05/01/2023,4,,,,,
H.R. 1353,https://www.congress.gov/bill/118th-congress/house-bill/1353,118th Congress (2023-2024),"Advanced, Local Emergency Response Telecommunications Parity Act","Johnson, Bill [Rep.-R-OH-6]",03/03/2023,"House - Energy and Commerce | Senate - Commerce, Science, and Transportation","Received in the Senate and Read twice and referred to the Committee on Commerce, Science, and Transportation.",04/27/2023,1,,,,,
H.R. 1343,https://www.congress.gov/bill/118th-congress/house-bill/1343,118th Congress (2023-2024),ITS Codification Act,"Carter, Earl L. ""Buddy"" [Rep.-R-GA-1]",03/03/2023,"House - Energy and Commerce | Senate - Commerce, Science, and Transportation","Received in the Senate and Read twice and referred to the Committee on Commerce, Science, and Transportation.",04/26/2023,2,,,,,
H.Res. 327,https://www.congress.gov/bill/118th-congress/house-resolution/327,118th Congress (2023-2024),"Providing for consideration of the bill (H.R. 2811) to provide for a responsible increase to the debt ceiling, and for other purposes, and providing for consideration of the joint resolution (H.J. Res. 39) disapproving the rule submitted by the Department of Commerce relating to ""Procedures Covering Suspension of Liquidation, Duties and Estimated Duties in Accord With Presidential Proclamation 10414"".","Cole, Tom [Rep.-R-OK-4]",04/26/2023,House - Rules,Motion to reconsider laid on the table Agreed to without objection.,04/26/2023,0,,,,,
H.R. 675,https://www.congress.gov/bill/118th-congress/house-bill/675,118th Congress (2023-2024),Secure Space Act of 2023,"Pallone, Frank, Jr. [Rep.-D-NJ-6]",01/31/2023,House - Energy and Commerce,"Placed on the Union Calendar, Calendar No. 27.",04/25/2023,1,,,,,
H.R. 734,https://www.congress.gov/bill/118th-congress/house-bill/734,118th Congress (2023-2024),Protection of Women and Girls in Sports Act of 2023,"Steube, W. Gregory [Rep.-R-FL-17]",02/01/2023,House - Education and the Workforce,Received in the Senate.,04/25/2023,93,,,,,
H.J.Res. 27,https://www.congress.gov/bill/118th-congress/house-joint-resolution/27,118th Congress (2023-2024),"Providing for congressional disapproval under chapter 8 of title 5, United States Code, of the rule submitted by the Department of the Army, Corps of Engineers, Department of Defense and the Environmental Protection Agency relating to ""Revised Definition of 'Waters of the United States'"".","Graves, Sam [Rep.-R-MO-6]",02/02/2023,House - Transportation and Infrastructure,The Chair directed the Clerk to notify the Senate of the action of the House.,04/18/2023,170,,,,,
H.Res. 298,https://www.congress.gov/bill/118th-congress/house-resolution/298,118th Congress (2023-2024),"Providing for consideration of the bill (H.R. 734) to amend the Education Amendments of 1972 to provide that for purposes of determining compliance with title IX of such Act in athletics, sex shall be recognized based solely on a person's reproductive biology and genetics at birth, and providing for consideration of the joint resolution (H.J. Res. 42) disapproving the action of the District of Columbia Council in approving the Comprehensive Policing and Justice Reform Amendment Act of 2022.","Houchin, Erin [Rep.-R-IN-9]",04/17/2023,House - Rules,Motion to reconsider laid on the table Agreed to without objection.,04/18/2023,0,,,,,
H.R. 1376,https://www.congress.gov/bill/118th-congress/house-bill/1376,118th Congress (2023-2024),COVID–19 Origin Act of 2023,"Turner, Michael R. [Rep.-R-OH-10]",03/03/2023,"House - Intelligence (Permanent Select), Energy and Commerce","Placed on the Union Calendar, Calendar No. 20.",03/30/2023,13,,,,,
H.Con.Res. 15,https://www.congress.gov/bill/118th-congress/house-concurrent-resolution/15,118th Congress (2023-2024),Authorizing the use of the Capitol Grounds for the National Peace Officers Memorial Service and the National Honor Guard and Pipe Band Exhibition.,"Perry, Scott [Rep.-R-PA-10]",02/09/2023,House - Transportation and Infrastructure,Message on Senate action sent to the House.,03/30/2023,1,,,,,
H.Res. 260,https://www.congress.gov/bill/118th-congress/house-resolution/260,118th Congress (2023-2024),"Providing for consideration of the bill (H.R. 1) to lower energy costs by increasing American energy production, exports, infrastructure, and critical minerals processing, by promoting transparency, accountability, permitting, and production of American resources, and by improving water quality certification and energy projects, and for other purposes.","Reschenthaler, Guy [Rep.-R-PA-14]",03/28/2023,House - Rules,Motion to reconsider laid on the table Agreed to without objection.,03/28/2023,0,,,,,
H.R. 1603,https://www.congress.gov/bill/118th-congress/house-bill/1603,118th Congress (2023-2024),Homeowner Energy Freedom Act,"McMorris Rodgers, Cathy [Rep.-R-WA-5]",03/14/2023,House - Energy and Commerce,"Placed on the Union Calendar, Calendar No. 19.",03/28/2023,0,,,,,
H.R. 5,https://www.congress.gov/bill/118th-congress/house-bill/5,118th Congress (2023-2024),Parents Bill of Rights Act,"Letlow, Julia [Rep.-R-LA-5]",03/01/2023,"House - Education and the Workforce | Senate - Health, Education, Labor, and Pensions","Received in the Senate and Read twice and referred to the Committee on Health, Education, Labor, and Pensions.",03/27/2023,122,,,,,
H.Res. 158,https://www.congress.gov/bill/118th-congress/house-resolution/158,118th Congress (2023-2024),"Of inquiry requesting the President and directing the Secretary of Defense and Secretary of State to transmit, respectively, certain documents to the House of Representatives relating to congressionally appropriated funds to the nation of Ukraine from January 20, 2021 to February 24, 2023.","Greene, Marjorie Taylor [Rep.-R-GA-14]",02/24/2023,House - Foreign Affairs,"Placed on the House Calendar, Calendar No. 10.",03/27/2023,13,,,,,
H.R. 1131,https://www.congress.gov/bill/118th-congress/house-bill/1131,118th Congress (2023-2024),"To require the Administrator of the Environmental Protection Agency to authorize the use of flexible air permitting with respect to certain critical energy resource facilities, and for other purposes.","Joyce, John [Rep.-R-PA-13]",02/21/2023,House - Energy and Commerce,"Placed on the Union Calendar, Calendar No. 10.",03/23/2023,1,,,,,
H.R. 1085,https://www.congress.gov/bill/118th-congress/house-bill/1085,118th Congress (2023-2024),REFINER Act,"Latta, Robert E. [Rep.-R-OH-5]",02/17/2023,House - Energy and Commerce,"Placed on the Union Calendar, Calendar No. 12.",03/23/2023,7,,,,,
H.R. 1335,https://www.congress.gov/bill/118th-congress/house-bill/1335,118th Congress (2023-2024),TAPP American Resources Act,"Westerman, Bruce [Rep.-R-AR-4]",03/03/2023,"House - Natural Resources, Agriculture, Budget","Placed on the Union Calendar, Calendar No. 18.",03/23/2023,2,,,,,
H.Con.Res. 14,https://www.congress.gov/bill/118th-congress/house-concurrent-resolution/14,118th Congress (2023-2024),Expressing disapproval of the revocation by President Biden of the Presidential permit for the Keystone XL pipeline.,"Lesko, Debbie [Rep.-R-AZ-8]",02/07/2023,"House - Energy and Commerce, Transportation and Infrastructure, Natural Resources","Reported by the Committee on Energy and Commerce. H. Rept. 118-25, Part I.",03/23/2023,7,,,,,
H.R. 1068,https://www.congress.gov/bill/118th-congress/house-bill/1068,118th Congress (2023-2024),Securing America’s Critical Minerals Supply Act,"Bucshon, Larry [Rep.-R-IN-8]",02/17/2023,House - Energy and Commerce,"Placed on the Union Calendar, Calendar No. 14.",03/23/2023,8,,,,,
H.R. 1070,https://www.congress.gov/bill/118th-congress/house-bill/1070,118th Congress (2023-2024),"To amend the Solid Waste Disposal Act to provide the owner or operator of a critical energy resource facility an interim permit under subtitle C that is subject to final approval by the Administrator of the Environmental Protection Agency, and for other purposes.","Carter, Earl L. ""Buddy"" [Rep.-R-GA-1]",02/17/2023,House - Energy and Commerce,"Placed on the Union Calendar, Calendar No. 13.",03/23/2023,4,,,,,
H.R. 1058,https://www.congress.gov/bill/118th-congress/house-bill/1058,118th Congress (2023-2024),Promoting Cross-border Energy Infrastructure Act,"Armstrong, Kelly [Rep.-R-ND-At Large]",02/17/2023,"House - Energy and Commerce, Transportation and Infrastructure, Natural Resources","Placed on the Union Calendar, Calendar No. 16.",03/23/2023,17,,,,,
H.R. 1115,https://www.congress.gov/bill/118th-congress/house-bill/1115,118th Congress (2023-2024),Promoting Interagency Coordination for Review of Natural Gas Pipelines Act,"Burgess, Michael C. [Rep.-R-TX-26]",02/21/2023,House - Energy and Commerce,"Placed on the Union Calendar, Calendar No. 15.",03/23/2023,4,,,,,
H.R. 1140,https://www.congress.gov/bill/118th-congress/house-bill/1140,118th Congress (2023-2024),"To authorize the Administrator of the Environmental Protection Agency to waive application of certain requirements with respect to processing and refining a critical energy resource at a critical energy resource facility, and for other purposes.","Pence, Greg [Rep.-R-IN-6]",02/21/2023,House - Energy and Commerce,"Placed on the Union Calendar, Calendar No. 9.",03/23/2023,7,,,,,
H.R. 1141,https://www.congress.gov/bill/118th-congress/house-bill/1141,118th Congress (2023-2024),Natural Gas Tax Repeal Act,"Pfluger, August [Rep.-R-TX-11]",02/21/2023,House - Energy and Commerce,"Placed on the Union Calendar, Calendar No. 8.",03/23/2023,41,,,,,
H.R. 1155,https://www.congress.gov/bill/118th-congress/house-bill/1155,118th Congress (2023-2024),Keeping America’s Refineries Act,"Crenshaw, Dan [Rep.-R-TX-2]",02/24/2023,House - Energy and Commerce,"Placed on the Union Calendar, Calendar No. 6.",03/23/2023,10,,,,,
H.R. 1158,https://www.congress.gov/bill/118th-congress/house-bill/1158,118th Congress (2023-2024),Elimination of Future Technology Delays Act of 2023,"Curtis, John R. [Rep.-R-UT-3]",02/24/2023,House - Energy and Commerce,"Placed on the Union Calendar, Calendar No. 7.",03/23/2023,4,,,,,
H.Res. 241,https://www.congress.gov/bill/118th-congress/house-resolution/241,118th Congress (2023-2024),Providing for consideration of the bill (H.R. 5) to ensure the rights of parents are honored and protected in the Nation's public schools.,"Houchin, Erin [Rep.-R-IN-9]",03/22/2023,House - Rules,Motion to reconsider laid on the table Agreed to without objection.,03/23/2023,0,,,,,
H.Con.Res. 17,https://www.congress.gov/bill/118th-congress/house-concurrent-resolution/17,118th Congress (2023-2024),Expressing the sense of Congress that the Federal Government should not impose any restrictions on the export of crude oil or other petroleum products.,"Guthrie, Brett [Rep.-R-KY-2]",02/17/2023,House - Energy and Commerce,Reported by the Committee on Energy and Commerce. H. Rept. 118-27.,03/23/2023,9,,,,,
H.R. 1152,https://www.congress.gov/bill/118th-congress/house-bill/1152,118th Congress (2023-2024),Water Quality Certification and Energy Project Improvement Act of 2023,"Rouzer, David [Rep.-R-NC-7]",02/24/2023,House - Transportation and Infrastructure,"Placed on the Union Calendar, Calendar No. 5.",03/17/2023,2,,,,,
H.R. 140,https://www.congress.gov/bill/118th-congress/house-bill/140,118th Congress (2023-2024),Protecting Speech from Government Interference Act,"Comer, James [Rep.-R-KY-1]",01/09/2023,House - Oversight and Accountability | Senate - Homeland Security and Governmental Affairs,Received in the Senate and Read twice and referred to the Committee on Homeland Security and Governmental Affairs.,03/14/2023,16,,,,,
H.Res. 197,https://www.congress.gov/bill/118th-congress/house-resolution/197,118th Congress (2023-2024),Providing for the expenses of certain committees of the House of Representatives in the One Hundred Eighteenth Congress.,"Steil, Bryan [Rep.-R-WI-1]",03/07/2023,House - House Administration,Motion to reconsider laid on the table Agreed to without objection.,03/10/2023,1,,,,,
H.Res. 199,https://www.congress.gov/bill/118th-congress/house-resolution/199,118th Congress (2023-2024),"Providing for consideration of the bill (H.R. 140) to amend title 5, United States Code, to prohibit Federal employees from advocating for censorship of viewpoints in their official capacity, and for other purposes; providing for consideration of the joint resolution (H.J. Res. 27) providing for congressional disapproval under chapter 8 of title 5, United States Code, of the rule submitted by the Department of the Army, Corps of Engineers, Department of Defense and the Environmental Protection Agency relating to ""Revised Definition of 'Waters of the United States'""; and providing for consideration of the bill (S. 619) to require the Director of National Intelligence to declassify information relating to the origin of COVID-19, and for other purposes.","Massie, Thomas [Rep.-R-KY-4]",03/07/2023,House - Rules,Motion to reconsider laid on the table Agreed to without objection.,03/08/2023,0,,,,,
H.Res. 166,https://www.congress.gov/bill/118th-congress/house-resolution/166,118th Congress (2023-2024),"Providing for consideration of the bill (H.R. 347) to require the Executive Office of the President to provide an inflation estimate with respect to Executive orders with a significant effect on the annual gross budget, and for other purposes, and providing for consideration of the joint resolution (H.J. Res. 30) providing for congressional disapproval under chapter 8 of title 5, United States Code, of the rule submitted by the Department of Labor relating to ""Prudence and Loyalty in Selecting Plan Investments and Exercising Shareholder Rights"".","Burgess, Michael C. [Rep.-R-TX-26]",02/27/2023,House - Rules,Motion to reconsider laid on the table Agreed to without objection.,02/28/2023,0,,,,,
H.Res. 97,https://www.congress.gov/bill/118th-congress/house-resolution/97,118th Congress (2023-2024),"Providing for consideration of the bill (H.R. 185) to terminate the requirement imposed by the Director of the Centers for Disease Control and Prevention for proof of COVID-19 vaccination for foreign travelers, and for other purposes; providing for consideration of the joint resolution (H.J. Res. 24) disapproving the action of the District of Columbia Council in approving the Local Resident Voting Rights Amendment Act of 2022; and providing for consideration of the joint resolution (H.J. Res. 26) disapproving the action of the District of Columbia Council in approving the Revised Criminal Code Act of 2022.","Langworthy, Nicholas A. [Rep.-R-NY-23]",02/07/2023,House - Rules,Motion to reconsider laid on the table Agreed to without objection.,02/07/2023,0,,,,,
H.Res. 83,https://www.congress.gov/bill/118th-congress/house-resolution/83,118th Congress (2023-2024),"Providing for consideration of the concurrent resolution (H. Con. Res. 9) denouncing the horrors of socialism, and providing for consideration of the resolution (H. Res. 76) removing a certain Member from a certain standing committee of the House.","Reschenthaler, Guy [Rep.-R-PA-14]",02/01/2023,House - Rules,Motion to reconsider laid on the table Agreed to without objection.,02/01/2023,0,,,,,
H.Res. 75,https://www.congress.gov/bill/118th-congress/house-resolution/75,118th Congress (2023-2024),"Providing for consideration of the joint resolution (H.J. Res. 7) relating to a national emergency declared by the President on March 13, 2020; providing for consideration of the bill (H.R. 139) to require Executive agencies to submit to Congress a study of the impacts of expanded telework and remote work by agency employees during the COVID-19 pandemic and a plan for the agency's future use of telework and remote work, and for other purposes; providing for consideration of the bill (H.R. 382) to terminate the public health emergency declared with respect to COVID-19; and providing for consideration of the bill (H.R. 497) to eliminate the COVID-19 vaccine mandate on health care providers furnishing items and services under certain Federal health care programs.","Burgess, Michael C. [Rep.-R-TX-26]",01/31/2023,House - Rules,Motion to reconsider laid on the table Agreed to without objection.,01/31/2023,0,,,,,